latitude,longitude,tweets,city
​11.4,76.7,2015,tulu nadu
8.7295,77.6852,528,tirunelveli
​10.38,78.8165,484,pudukkottai
​13.0929,80.2614,430,kancheepuram
​10.7648,79.8431,396,nagapattinam
​11.6612,78.1602,396,salem
​10.805,78.6869,396,tiruchirappalli
​12.9072,79.131,387,vellore
​10.3655,77.9696,352,dindigul
​9.8333,77.8333,352,madurai
​10.7861,79.1381,352,thanjavur
11.7563,79.7633,308,cuddalore
11.3065,77.806,308,ramanathapuram
10.7667,79.6352,308,thiruvarur
12.2398,79.0754,307,tiruvannamalai
11.0018,76.9628,301,coimbatore
11.1018,77.3452,301,tiruppur
10.963,78.0691,264,karur
9.8487,78.487,264,sivaganga
11.3306,77.7277,220,erode