time,latitude,longitude,depth,mag,magType,nst,gap,dmin,rms,net,id,updated,place,type,horizontalError,depthError,magError,magNst,status,locationSource,magSource
2019-07-19T04:11:06.900Z,35.8968333,-117.6845,2.5,2.52,ml,30,38,0.058,0.15,ci,ci38601175,2019-07-19T04:21:55.240Z,"20km ESE of Little Lake, CA",earthquake,0.16,0.3,0.145,25,automatic,ci,ci
2019-07-19T02:52:13.590Z,36.1238327,-117.8280029,2.86,3.28,ml,48,51,0.02262,0.18,ci,ci38600815,2019-07-19T03:03:11.770Z,"14km NE of Coso Junction, CA",earthquake,0.22,0.52,0.249,24,automatic,ci,ci
2019-07-19T02:36:48.010Z,35.8741667,-117.697,7.5,2.58,ml,33,48,0.0856,0.16,ci,ci38600727,2019-07-19T02:48:01.630Z,"20km ESE of Little Lake, CA",earthquake,0.2,0.7,0.235,25,automatic,ci,ci
2019-07-19T02:33:34.080Z,35.8,-117.6225,7.25,2.47,ml,26,55,0.02568,0.2,ci,ci38600703,2019-07-19T02:37:22.559Z,"20km W of Searles Valley, CA",earthquake,0.28,0.77,0.316,26,automatic,ci,ci
2019-07-19T02:05:12.470Z,35.7803333,-117.6221667,9.83,2.48,ml,34,60,0.04062,0.16,ci,ci38600551,2019-07-19T02:15:58.770Z,"18km NNE of Ridgecrest, CA",earthquake,0.2,0.51,0.153,25,automatic,ci,ci
2019-07-19T01:36:05.820Z,19.2465,-64.9206,35,2.86,md,9,339,1.4426,0.35,pr,pr2019200000,2019-07-19T02:07:33.040Z,"98km NNW of Road Town, British Virgin Islands",earthquake,3.74,24.16,0.37,8,reviewed,pr,pr
2019-07-19T01:33:45.180Z,35.9724,31.0785,73.6,4.4,mb,,124,1.221,0.99,us,us70004nlq,2019-07-19T01:53:11.040Z,"76km SE of Tekirova, Turkey",earthquake,6,9.7,0.126,18,reviewed,us,us
2019-07-19T01:18:24.384Z,-20.8423,-67.2812,189.56,4.9,mb,,27,1.888,1.01,us,us70004nll,2019-07-19T01:37:04.040Z,"63km SW of Uyuni, Bolivia",earthquake,7.6,6.9,0.028,402,reviewed,us,us
2019-07-19T00:57:28.870Z,33.3126678,-116.2549973,10.41,3.31,ml,105,21,0.09494,0.22,ci,ci38600223,2019-07-19T03:07:58.110Z,"13km ENE of Borrego Springs, CA",earthquake,0.21,0.54,0.226,16,automatic,ci,ci
2019-07-19T00:42:57.981Z,61.4852,-150.0242,23.4,3.1,ml,,,,0.82,ak,ak01996rqjc6,2019-07-19T02:44:56.138Z,"3km E of Big Lake, Alaska",earthquake,,0.3,,,automatic,ak,ak
2019-07-19T00:26:23.968Z,58.5377,-151.1639,51,2.7,ml,,,,0.6,ak,ak01996rn0yj,2019-07-19T00:44:49.040Z,"93km NE of Kodiak, Alaska",earthquake,,3.5,,,automatic,ak,ak
2019-07-19T00:22:34.080Z,35.8431667,-117.667,0.12,2.64,ml,33,50,0.06275,0.29,ci,ci38600031,2019-07-19T00:33:18.070Z,"24km ESE of Little Lake, CA",earthquake,0.29,31.61,0.154,25,automatic,ci,ci
2019-07-19T00:19:25.110Z,35.9141655,-117.4355011,0.56,3.04,ml,44,40,0.1257,0.15,ci,ci38600023,2019-07-19T02:55:48.107Z,"17km N of Searles Valley, CA",earthquake,0.18,0.41,0.212,25,automatic,ci,ci
2019-07-19T00:11:14.810Z,19.3763,-67.8451,61,2.69,md,15,215,1.0572,0.37,pr,pr2019200001,2019-07-19T04:26:42.523Z,"105km NNE of Punta Cana, Dominican Republic",earthquake,2.97,7.22,0.31,14,reviewed,pr,pr
2019-07-19T00:01:10.260Z,35.6498337,-117.4670029,0.98,2.96,ml,52,39,0.06332,0.15,ci,ci38599935,2019-07-19T00:22:17.130Z,"14km SSW of Searles Valley, CA",earthquake,0.18,0.42,0.213,23,automatic,ci,ci
2019-07-18T23:54:32.440Z,36.1113333,-117.8316667,2.07,2.74,ml,29,47,0.01979,0.17,ci,ci38599911,2019-07-19T00:05:48.940Z,"13km NE of Coso Junction, CA",earthquake,0.21,0.34,0.158,25,automatic,ci,ci
2019-07-18T21:46:37.720Z,35.7859993,-117.6241684,5.51,3.61,mlr,51,52,0.03675,0.19,ci,ci38599327,2019-07-19T00:22:56.917Z,"19km NNE of Ridgecrest, CA",earthquake,0.19,0.61,0.229,15,automatic,ci,ci
2019-07-18T21:32:51.830Z,18.263,-68.9853,92,3.11,md,17,174,0.9528,0.27,pr,pr2019199004,2019-07-18T22:20:05.040Z,"43km S of La Romana, Dominican Republic",earthquake,1.75,2.23,0.44,16,reviewed,pr,pr
2019-07-18T20:55:54.543Z,30.1172,142.8409,5.1,4.8,mb,,105,3.065,0.84,us,us70004ngx,2019-07-18T23:23:14.040Z,"Izu Islands, Japan region",earthquake,7,4.3,0.041,181,reviewed,us,us
2019-07-18T20:22:31.325Z,56.541,-148.5319,11.9,3.3,ml,,,,0.94,ak,ak01995fzil5,2019-07-18T20:38:43.564Z,"272km ESE of Kodiak, Alaska",earthquake,,5.9,,,reviewed,ak,ak
2019-07-18T20:16:54.760Z,36.1111667,-117.8865,1.56,2.83,ml,22,57,0.02641,0.15,ci,ci38598855,2019-07-19T04:19:28.177Z,"9km NE of Coso Junction, CA",earthquake,0.22,0.33,0.187,27,automatic,ci,ci
2019-07-18T17:40:39.075Z,9.4211,126.0036,35,4.9,mb,,81,8.699,1.04,us,us70004nax,2019-07-19T01:43:06.634Z,"8km NE of Carrascal, Philippines",earthquake,5.6,1.9,0.069,65,reviewed,us,us
2019-07-18T17:39:12.927Z,9.3106,125.7822,24.17,4.8,mb,,89,2.235,1.2,us,us70004nap,2019-07-18T18:15:58.686Z,"16km SW of Adlay, Philippines",earthquake,7.4,5.6,0.071,61,reviewed,us,us
2019-07-18T17:17:51.181Z,0.279,126.3185,30.56,5.3,mww,,31,1.156,1,us,us70004na1,2019-07-18T17:35:09.040Z,"129km WSW of Kota Ternate, Indonesia",earthquake,6.8,4.8,0.066,22,reviewed,us,us
2019-07-18T17:08:21.851Z,0.2226,126.3278,37.3,4.8,mb,,96,1.173,1.21,us,us70004n9v,2019-07-18T23:27:34.040Z,"131km WSW of Kota Ternate, Indonesia",earthquake,8.7,7.8,0.083,45,reviewed,us,us
2019-07-18T16:43:37.020Z,35.9271667,-117.6846667,2.53,2.59,ml,33,38,0.03467,0.16,ci,ci38597815,2019-07-18T16:54:12.620Z,"20km E of Little Lake, CA",earthquake,0.18,0.4,0.164,26,automatic,ci,ci
2019-07-18T16:24:25.229Z,14.7831,-92.2476,87.36,5,mb,,131,0.593,1.03,us,us70004n85,2019-07-18T23:38:52.737Z,"8km W of Frontera Hidalgo, Mexico",earthquake,6.3,3.6,0.032,308,reviewed,us,us
2019-07-18T15:49:04.590Z,35.7025,-117.5251667,8.95,2.64,ml,38,51,0.0879,0.18,ci,ci38597535,2019-07-18T15:59:47.230Z,"13km WSW of Searles Valley, CA",earthquake,0.23,0.57,0.21,25,automatic,ci,ci
2019-07-18T14:28:43.720Z,35.7869987,-117.6021652,4.28,2.47,ml,46,53,0.02893,0.17,ci,ci38597079,2019-07-18T14:39:15.360Z,"18km W of Searles Valley, CA",earthquake,0.19,0.49,0.264,22,automatic,ci,ci
2019-07-18T14:20:58.700Z,35.6606667,-117.4816667,5.16,2.74,ml,33,64,0.07569,0.12,ci,ci38597047,2019-07-18T16:55:57.781Z,"14km SSW of Searles Valley, CA",earthquake,0.19,0.64,0.118,25,automatic,ci,ci
2019-07-18T14:20:52.020Z,36.0635,-117.8511667,1.51,2.53,ml,17,147,0.05405,0.23,ci,ci38597039,2019-07-18T14:24:50.186Z,"9km ENE of Coso Junction, CA",earthquake,0.47,0.37,0.406,14,automatic,ci,ci
2019-07-18T13:40:57.793Z,53.3234,-163.6205,27.18,3.7,mb,,209,1.515,1.28,us,us70004n1z,2019-07-18T15:38:34.040Z,"168km ESE of Akutan, Alaska",earthquake,8.9,15.3,0.13,15,reviewed,us,us
2019-07-18T12:46:16.430Z,-6.1888,155.1328,152.68,4.7,mb,,98,3.561,0.54,us,us70004n0u,2019-07-18T13:15:02.040Z,"41km WNW of Panguna, Papua New Guinea",earthquake,10.2,8.7,0.068,66,reviewed,us,us
2019-07-18T12:45:40.481Z,52.3166,159.6254,51.61,4.7,mb,,114,0.924,0.91,us,us70004n0v,2019-07-18T21:12:53.225Z,"104km SE of Petropavlovsk-Kamchatskiy, Russia",earthquake,8.2,7.3,0.033,281,reviewed,us,us
2019-07-18T12:17:17.240Z,19.326,-155.1251667,-0.27,2.47,ml,57,186,0.05855,0.17,hv,hv71051017,2019-07-18T20:50:21.760Z,"16km SE of Volcano, Hawaii",earthquake,0.39,0.14,0.219,30,reviewed,hv,hv
2019-07-18T12:02:35.630Z,19.3355,-155.1231667,6.35,2.54,ml,54,182,0.04915,0.11,hv,hv71050997,2019-07-18T20:38:01.930Z,"16km SE of Volcano, Hawaii",earthquake,0.33,0.32,0.156,38,reviewed,hv,hv
2019-07-18T11:51:51.270Z,18.3266,-68.5533,123,2.5,md,7,145,1.0756,0.2,pr,pr2019199002,2019-07-18T16:54:37.213Z,"8km SE of Boca de Yuma, Dominican Republic",earthquake,2.009,1.22,0.29,6,reviewed,pr,pr
2019-07-18T11:17:47.870Z,35.9908333,-117.33,2.63,2.7,ml,35,55,0.1066,0.19,ci,ci38596007,2019-07-18T11:47:42.414Z,"26km N of Trona, CA",earthquake,0.26,0.69,0.092,26,automatic,ci,ci
2019-07-18T10:05:18.120Z,40.2976667,-124.5028333,19.97,2.96,md,30,261,0.1229,0.12,nc,nc73227481,2019-07-18T18:49:03.253Z,"19km W of Petrolia, CA",earthquake,1.06,0.32,0.146,62,reviewed,nc,nc
2019-07-18T09:57:16.730Z,35.5605,-117.3863333,2,2.6,ml,34,48,0.03968,0.25,ci,ci38595599,2019-07-18T10:07:51.070Z,"23km S of Trona, CA",earthquake,0.3,0.46,0.17,26,automatic,ci,ci
2019-07-18T09:34:53.690Z,19.02,-66.0595,50,2.64,md,5,333,0.9673,0.3,pr,pr2019199001,2019-07-18T11:43:52.683Z,"61km N of San Juan, Puerto Rico",earthquake,4.55,8.63,0.02,3,reviewed,pr,pr
2019-07-18T09:15:14.830Z,19.2563333,-155.4743333,10.53,2.74,ml,66,69,0.0246,0.13,hv,hv71050887,2019-07-18T20:11:19.740Z,"5km N of Pahala, Hawaii",earthquake,0.19,0.3,0.135,33,reviewed,hv,hv
2019-07-18T09:13:49.637Z,46.3365,153.0733,20.05,4.7,mb,,158,7.41,0.67,us,us70004myh,2019-07-18T09:48:39.040Z,Kuril Islands,earthquake,10.4,6.6,0.035,246,reviewed,us,us
2019-07-18T08:57:13.155Z,-27.895,-66.8025,166.96,4.2,mb,,69,2.322,0.73,us,us70004mxx,2019-07-18T09:45:59.654Z,"35km SE of Belen, Argentina",earthquake,10.6,13,0.216,6,reviewed,us,us
2019-07-18T08:52:07.282Z,46.2799,153.3775,10,5.1,mww,,177,7.343,1.22,us,us70004mxv,2019-07-18T09:10:03.040Z,Kuril Islands,earthquake,10.9,1.9,0.071,19,reviewed,us,us
2019-07-18T08:48:28.080Z,35.8950005,-117.7273331,1.95,2.61,ml,46,36,0.09124,0.17,ci,ci38595231,2019-07-18T08:59:04.730Z,"17km ESE of Little Lake, CA",earthquake,0.19,0.36,0.248,24,automatic,ci,ci
2019-07-18T08:22:02.620Z,36.1075,-117.8916667,4.13,3.05,ml,51,58,0.03146,0.17,ci,ci38595071,2019-07-18T17:14:59.748Z,"9km NE of Coso Junction, CA",earthquake,0.15,0.35,0.133,75,reviewed,ci,ci
2019-07-18T07:44:58.270Z,36.0811667,-117.8665,1.3,2.8,ml,34,55,0.03754,0.19,ci,ci38594839,2019-07-18T07:56:13.120Z,"8km ENE of Coso Junction, CA",earthquake,0.28,0.49,0.279,25,automatic,ci,ci
2019-07-18T06:23:57.911Z,51.2993,-175.4254,50.93,4,mb,,190,0.888,1.12,us,us70004mwq,2019-07-18T18:37:13.305Z,"107km SE of Adak, Alaska",earthquake,8.4,8.9,0.055,89,reviewed,us,us
2019-07-18T06:14:29.400Z,36.1156667,-117.8883333,3.8,3.31,ml,46,57,0.02717,0.16,ci,ci38594383,2019-07-18T15:37:00.940Z,"10km NE of Coso Junction, CA",earthquake,0.14,0.33,0.103,138,reviewed,ci,ci
2019-07-18T06:12:45.450Z,18.1811,-67.3205,17,2.52,md,18,194,0.1793,0.22,pr,pr2019199000,2019-07-18T06:41:50.456Z,"17km SSW of Stella, Puerto Rico",earthquake,0.66,0.56,0.24,17,reviewed,pr,pr
2019-07-18T05:50:20.271Z,-0.9657,128.7557,10,4.1,mb,,132,2.215,0.53,us,us70004mwh,2019-07-18T06:22:55.040Z,"128km ENE of Laiwui, Indonesia",earthquake,7.6,1.9,0.145,13,reviewed,us,us
2019-07-18T05:40:42.810Z,19.0844994,-155.4644928,35.63,2.58,ml,45,188,0.07057,0.17,hv,hv71050747,2019-07-18T05:46:22.730Z,"13km S of Pahala, Hawaii",earthquake,0.79,1.18,4.75,4,automatic,hv,hv
2019-07-18T05:35:03.895Z,31.2713,-103.3475,5,2.9,ml,,56,0.35,0.47,us,us70004mw3,2019-07-18T06:06:05.040Z,"21km SE of Pecos, Texas",earthquake,1.6,1.9,0.073,61,reviewed,us,us
2019-07-18T05:26:41.640Z,36.1136667,-117.8783333,5.82,2.55,ml,30,56,0.0194,0.15,ci,ci38594095,2019-07-18T05:37:34.150Z,"10km NE of Coso Junction, CA",earthquake,0.25,0.5,0.205,25,automatic,ci,ci
2019-07-18T05:18:11.570Z,36.1151667,-117.8811667,5.2,3.36,ml,57,56,0.02144,0.17,ci,ci38594055,2019-07-18T21:07:46.655Z,"10km NE of Coso Junction, CA",earthquake,0.15,0.37,0.115,105,reviewed,ci,ci
2019-07-18T04:32:38.280Z,35.9928333,-117.6818333,0.16,2.49,ml,29,62,0.08647,0.21,ci,ci38593775,2019-07-18T05:14:47.914Z,"21km ENE of Little Lake, CA",earthquake,0.3,0.52,0.198,25,automatic,ci,ci
2019-07-18T04:15:37.930Z,36.1075,-117.8913333,3.96,2.86,ml,33,58,0.0312,0.16,ci,ci38593655,2019-07-18T04:26:32.330Z,"9km NE of Coso Junction, CA",earthquake,0.26,0.49,0.15,25,automatic,ci,ci
2019-07-18T04:06:28.700Z,36.1305,-117.8911667,-0.38,2.7,ml,32,58,0.0321,0.36,ci,ci38593583,2019-07-18T12:09:10.652Z,"11km NNE of Coso Junction, CA",earthquake,0.58,31.61,0.218,25,automatic,ci,ci
2019-07-18T04:02:07.920Z,36.1106682,-117.8840027,0.47,3.38,ml,41,54,0.02458,0.2,ci,ci38593567,2019-07-18T12:04:35.781Z,"9km NE of Coso Junction, CA",earthquake,0.28,0.42,0.233,19,automatic,ci,ci
2019-07-18T04:01:32.220Z,36.1138333,-117.8815,2.28,3.43,ml,53,56,0.02189,0.18,ci,ci38593559,2019-07-18T16:17:04.003Z,"10km NE of Coso Junction, CA",earthquake,0.16,0.28,0.187,33,reviewed,ci,ci
2019-07-18T04:00:51.010Z,36.1173333,-117.8781667,5.63,2.84,ml,12,111,0.01887,0.1,ci,ci38593551,2019-07-18T04:04:34.695Z,"10km NE of Coso Junction, CA",earthquake,0.35,0.39,0.103,4,automatic,ci,ci
2019-07-18T03:59:14.870Z,36.1126667,-117.8868333,2.5,4.62,mw,75,54,0.02635,0.19,ci,ci38593535,2019-07-19T04:02:00.288Z,"9km NE of Coso Junction, CA",earthquake,0.13,0.28,,6,reviewed,ci,ci
2019-07-18T03:05:39.350Z,35.631,-117.431,3.82,2.69,ml,35,56,0.03456,0.18,ci,ci38593255,2019-07-18T03:42:50.024Z,"15km S of Searles Valley, CA",earthquake,0.25,0.55,0.186,26,automatic,ci,ci
2019-07-18T03:02:37.870Z,35.616,-117.4558333,10.29,3.24,ml,60,27,0.02989,0.13,ci,ci38593247,2019-07-18T16:37:38.900Z,"18km SSW of Searles Valley, CA",earthquake,0.1,0.18,0.163,110,reviewed,ci,ci
2019-07-18T02:36:31.360Z,35.6326667,-117.4345,6.32,2.83,ml,38,55,0.03356,0.21,ci,ci38593111,2019-07-18T02:47:18.000Z,"15km S of Searles Valley, CA",earthquake,0.28,0.54,0.152,25,automatic,ci,ci
2019-07-18T02:34:59.140Z,35.6205,-117.426,4,2.58,ml,34,53,0.04456,0.15,ci,ci38593095,2019-07-18T02:46:13.500Z,"16km S of Searles Valley, CA",earthquake,0.2,0.44,0.143,25,automatic,ci,ci
2019-07-18T02:33:43.570Z,35.7525,-117.5775,6.68,3.34,ml,60,40,0.06517,0.16,ci,ci38593087,2019-07-18T16:53:57.310Z,"16km W of Searles Valley, CA",earthquake,0.12,0.35,0.17,92,reviewed,ci,ci
2019-07-18T01:28:21.058Z,56.3425,-148.7264,36.47,4,mb,,206,2.553,0.96,us,us70004msp,2019-07-18T18:41:55.048Z,"275km SE of Kodiak, Alaska",earthquake,3.9,14.7,0.517,1,reviewed,us,us
2019-07-18T01:17:07.792Z,1.4701,-90.8891,10,5.4,mww,,163,2.213,0.94,us,us70004msl,2019-07-19T01:19:02.276Z,"251km NNW of Puerto Ayora, Ecuador",earthquake,10,1.9,0.052,35,reviewed,us,us
2019-07-18T00:51:31.312Z,1.6984,-90.7828,10,4.5,mb,,161,2.408,0.53,us,us70004ms8,2019-07-18T01:21:51.040Z,"273km N of Puerto Ayora, Ecuador",earthquake,10.2,1.9,0.07,60,reviewed,us,us
2019-07-18T00:46:46.050Z,35.8101667,-117.631,0.28,2.47,ml,24,56,0.02778,0.22,ci,ci38592551,2019-07-18T00:50:49.639Z,"21km WNW of Searles Valley, CA",earthquake,0.3,31.61,0.119,26,automatic,ci,ci
2019-07-18T00:37:04.606Z,1.4898,-90.944,10,4.5,mb,,166,2.248,0.51,us,us70004mry,2019-07-18T01:41:58.040Z,"255km NNW of Puerto Ayora, Ecuador",earthquake,11.5,1.9,0.079,47,reviewed,us,us
2019-07-18T00:04:14.820Z,19.2511667,-155.3916667,32.31,2.9,ml,66,124,0.01467,0.12,hv,hv71050462,2019-07-18T01:48:25.040Z,"10km ENE of Pahala, Hawaii",earthquake,0.4,0.49,0.138,43,reviewed,hv,hv
2019-07-17T23:47:42.493Z,52.1839,-168.5972,10,4.2,mb,,185,0.805,1.35,us,us70004mr5,2019-07-18T00:08:10.040Z,"85km SSE of Nikolski, Alaska",earthquake,5.9,1.9,0.073,53,reviewed,us,us
2019-07-17T23:43:17.380Z,47.85516667,-122.0566667,26.81,2.97,ml,26,51,,0.12,uw,uw61536697,2019-07-18T22:15:54.149Z,"2km ENE of Cathcart, Washington",earthquake,0.22,0.66,0.207259923,19,reviewed,uw,uw
2019-07-17T23:18:51.820Z,35.6416667,-117.4715,6.36,2.52,ml,46,51,0.04537,0.15,ci,ci38592095,2019-07-18T18:19:24.560Z,"15km SSW of Searles Valley, CA",earthquake,0.14,0.33,0.209,62,reviewed,ci,ci
2019-07-17T22:59:47.119Z,-7.281,123.2251,555.64,4.7,mb,,38,1.663,0.78,us,us70004mq3,2019-07-17T23:19:18.040Z,"143km NNE of Palue, Indonesia",earthquake,9.6,6.4,0.06,85,reviewed,us,us
2019-07-17T22:45:35.037Z,30.9711,48.7252,10,4.2,mb,,71,1.658,0.64,us,us70004mqv,2019-07-17T23:51:49.308Z,"36km N of Shadegan, Iran",earthquake,8.5,1.9,0.11,23,reviewed,us,us
2019-07-17T22:41:15.310Z,35.3708333,-117.8423333,2.83,3.24,ml,73,31,0.1032,0.17,ci,ci38591911,2019-07-18T23:42:44.805Z,"19km W of Johannesburg, CA",earthquake,0.12,0.35,0.21,142,reviewed,ci,ci
2019-07-17T22:29:15.770Z,36.1103333,-117.8338333,2.14,2.58,ml,29,55,0.0185,0.16,ci,ci38591847,2019-07-17T22:40:36.580Z,"13km NE of Coso Junction, CA",earthquake,0.22,0.3,0.163,24,automatic,ci,ci
2019-07-17T22:16:44.213Z,8.4684,-102.8086,10,4.8,mb,,178,9.938,1.07,us,us70004mp2,2019-07-17T22:41:45.040Z,Northern East Pacific Rise,earthquake,5.3,1.9,0.037,228,reviewed,us,us
2019-07-17T22:01:35.670Z,35.6456667,-117.447,4.92,3.35,ml,59,39,0.02716,0.14,ci,ci38591663,2019-07-18T17:30:43.351Z,"14km SSW of Searles Valley, CA",earthquake,0.1,0.21,0.152,134,reviewed,ci,ci
2019-07-17T22:01:20.400Z,36.2013333,-117.8921667,1.69,2.73,ml,24,62,0.08887,0.15,ci,ci38591655,2019-07-17T22:04:59.265Z,"14km SE of Olancha, CA",earthquake,0.27,0.58,0.332,25,automatic,ci,ci
2019-07-17T21:49:19.180Z,36.1158333,-117.8366667,2.43,3.87,mw,74,49,0.01483,0.18,ci,ci38591583,2019-07-18T22:40:45.775Z,"13km NE of Coso Junction, CA",earthquake,0.12,0.23,,6,reviewed,ci,ci
2019-07-17T19:54:03.790Z,35.9031667,-117.6926667,2.72,3.36,ml,57,23,0.05631,0.17,ci,ci38590983,2019-07-18T19:48:44.985Z,"20km E of Little Lake, CA",earthquake,0.11,0.31,0.119,101,reviewed,ci,ci
2019-07-17T19:42:31.560Z,35.6536667,-117.4616667,2.53,2.73,ml,18,57,0.03298,0.22,ci,ci37421845,2019-07-17T20:44:12.831Z,"14km SSW of Searles Valley, CA",earthquake,0.3,0.39,0.056,6,reviewed,ci,ci
2019-07-17T19:42:15.090Z,35.6498333,-117.4598333,2.45,3.61,mw,61,38,0.03316,0.18,ci,ci38590903,2019-07-18T19:44:16.486Z,"14km SSW of Searles Valley, CA",earthquake,0.13,0.22,,4,reviewed,ci,ci
2019-07-17T19:02:03.800Z,35.583,-117.42,6.27,2.62,ml,33,47,0.03457,0.24,ci,ci38590679,2019-07-17T19:12:44.430Z,"20km S of Trona, CA",earthquake,0.31,0.67,0.168,25,automatic,ci,ci
2019-07-17T17:12:11.380Z,36.4465,-89.5358333,8.92,2.49,md,47,43,0.05772,0.14,nm,nm60282001,2019-07-18T20:08:45.991Z,"9km NW of Tiptonville, Tennessee",earthquake,0.28,0.45,0.163,39,reviewed,nm,nm
2019-07-17T16:55:34.807Z,11.7639,94.7647,10,4.9,mb,,154,5.708,0.88,us,us70004me9,2019-07-17T17:38:14.040Z,"219km E of Port Blair, India",earthquake,7.5,1.9,0.082,47,reviewed,us,us
2019-07-17T16:46:39.560Z,35.8743333,-117.6808333,4.74,2.82,ml,37,44,0.07746,0.18,ci,ci38589903,2019-07-17T16:57:51.400Z,"22km ESE of Little Lake, CA",earthquake,0.2,0.51,0.156,25,automatic,ci,ci
2019-07-17T16:23:12.600Z,64.8742,-150.9408,16.3,2.8,ml,,,,0.84,ak,ak01993q2lvp,2019-07-17T21:45:16.040Z,"20km SW of Manley Hot Springs, Alaska",earthquake,,0.3,,,automatic,ak,ak
2019-07-17T15:44:25.245Z,66.3295,-157.4608,0,2.9,ml,,,,0.72,ak,ak01993plpax,2019-07-17T21:20:07.040Z,"69km SSW of Kobuk, Alaska",earthquake,,0.4,,,automatic,ak,ak
2019-07-17T15:23:28.180Z,36.3913333,-83.6395,13.97,2.96,md,31,48,0.1468,0.11,se,se60281976,2019-07-19T02:08:49.706Z,"8km SW of New Tazewell, Tennessee",earthquake,0.33,0.62,0.122,29,reviewed,se,se
2019-07-17T15:19:32.811Z,34.3545,45.6295,10,4.5,mb,,52,2.697,0.89,us,us70004m8g,2019-07-17T21:32:37.040Z,"24km WSW of Sarpol-e Zahab, Iran",earthquake,6.6,1.7,0.081,45,reviewed,us,us
2019-07-17T15:12:00.020Z,35.8996667,-117.7176667,8.56,3.08,ml,39,34,0.0728,0.24,ci,ci37421821,2019-07-17T22:17:40.040Z,"18km ESE of Little Lake, CA",earthquake,0.24,0.75,0.129,23,reviewed,ci,ci
2019-07-17T15:11:50.890Z,35.8951667,-117.719,8.17,3.31,ml,58,23,0.07662,0.15,ci,ci38589319,2019-07-18T15:13:39.632Z,"18km ESE of Little Lake, CA",earthquake,0.11,0.34,0.164,130,reviewed,ci,ci
2019-07-17T15:07:20.950Z,35.8965,-117.7186667,8.22,3,ml,54,20,0.07552,0.14,ci,ci38589287,2019-07-17T20:59:59.040Z,"18km ESE of Little Lake, CA",earthquake,0.11,0.31,0.155,73,reviewed,ci,ci
2019-07-17T14:59:59.831Z,43.4767,-127.1646,10,5.4,mww,,157,2.156,1.21,us,us70004m7u,2019-07-18T15:02:13.923Z,"227km W of Bandon, Oregon",earthquake,7.7,1.9,0.043,52,reviewed,us,us
2019-07-17T14:57:58.546Z,-0.9287,128.8009,31.48,5.1,mb,,64,2.215,1.04,us,us70004m7v,2019-07-17T15:14:55.040Z,"134km ENE of Laiwui, Indonesia",earthquake,6,5,0.073,61,reviewed,us,us
2019-07-17T14:50:35.609Z,66.2003,-157.3682,1.3,3,ml,,,,0.98,ak,ak01993p1koz,2019-07-17T15:02:00.352Z,"81km SSW of Kobuk, Alaska",earthquake,,0.6,,,automatic,ak,ak
2019-07-17T14:48:57.636Z,66.3237,-157.4507,0,2.7,ml,,,,0.76,ak,ak01993p172p,2019-07-18T05:12:04.040Z,"69km SSW of Kobuk, Alaska",earthquake,,0.4,,,automatic,ak,ak
2019-07-17T14:48:46.950Z,35.6823333,-117.472,5.71,3.08,ml,55,36,0.04293,0.14,ci,ci38589175,2019-07-17T19:51:05.040Z,"11km SSW of Searles Valley, CA",earthquake,0.11,0.38,0.146,82,reviewed,ci,ci
2019-07-17T13:34:07.640Z,18.9418,-68.7335,12,2.58,md,10,153,0.5726,0.86,pr,pr2019198005,2019-07-18T05:04:48.040Z,"4km NNW of Salvaleon de Higuey, Dominican Republic",earthquake,1.95,3.37,0.6,9,reviewed,pr,pr
2019-07-17T13:24:40.760Z,35.9288333,-117.6838333,2.24,2.68,ml,36,38,0.03315,0.18,ci,ci38588591,2019-07-17T13:35:29.550Z,"20km E of Little Lake, CA",earthquake,0.19,0.38,0.125,26,automatic,ci,ci
2019-07-17T13:18:49.687Z,68.6408,-147.4761,0,3,ml,,,,0.96,ak,ak01993o9bbd,2019-07-18T05:02:48.040Z,"98km NW of Arctic Village, Alaska",earthquake,,0.8,,,automatic,ak,ak
2019-07-17T12:57:33.460Z,35.9271667,-117.6813333,3.13,3.04,ml,41,39,0.03254,0.16,ci,ci38588455,2019-07-18T20:31:45.520Z,"20km E of Little Lake, CA",earthquake,0.14,0.41,0.169,85,reviewed,ci,ci
2019-07-17T12:11:09.990Z,35.6705,-117.4168333,8.76,2.67,ml,39,70,0.007739,0.19,ci,ci38588111,2019-07-17T17:46:39.387Z,"11km S of Searles Valley, CA",earthquake,0.26,0.55,0.138,24,automatic,ci,ci
2019-07-17T10:41:29.380Z,66.3019,-157.7064,0,3,ml,,,,1.12,ak,ak01993mlwgc,2019-07-17T11:07:19.040Z,"66km S of Kobuk, Alaska",earthquake,,0.8,,,automatic,ak,ak
2019-07-17T10:20:10.395Z,-18.4512,120.2778,10,4.5,mb,,84,2.742,1.18,us,us70004m50,2019-07-18T10:47:57.059Z,"213km WSW of Broome, Australia",earthquake,7.4,1.9,0.222,6,reviewed,us,us
2019-07-17T10:09:19.586Z,-15.1913,-173.389,10,4.9,mb,,62,4.661,0.77,us,us70004m4y,2019-07-18T04:54:05.837Z,"92km NNE of Hihifo, Tonga",earthquake,6.4,1.9,0.042,181,reviewed,us,us
2019-07-17T09:46:06.550Z,35.6485,-117.4533333,2.41,2.58,ml,31,58,0.02929,0.15,ci,ci38587239,2019-07-17T15:28:56.335Z,"14km SSW of Searles Valley, CA",earthquake,0.21,0.33,0.125,25,automatic,ci,ci
2019-07-17T09:44:17.854Z,3.3033,-83.0589,10,4.4,mb,,181,5.521,0.87,us,us70004m4n,2019-07-17T13:02:08.400Z,Off the coast of Central America,earthquake,11.1,2,0.089,36,reviewed,us,us
2019-07-17T09:37:56.830Z,19.1601658,-155.440506,39.09,2.74,md,38,198,0.02097,0.14,hv,hv71049932,2019-07-17T09:54:43.040Z,"6km SE of Pahala, Hawaii",earthquake,0.95,1.45,0.24,18,automatic,hv,hv
2019-07-17T09:13:30.189Z,36.6134,-112.3914,18.41,2.7,ml,,64,0.201,0.9,us,us70004m49,2019-07-17T11:39:10.966Z,"38km SSE of Fredonia, Arizona",earthquake,1.7,5.2,0.049,54,reviewed,us,us
2019-07-17T09:00:19.808Z,38.9758,141.7805,71.78,4.8,mb,,134,1.351,0.93,us,us70004m46,2019-07-17T14:13:01.582Z,"11km SSE of Ofunato, Japan",earthquake,6.9,6.9,0.032,300,reviewed,us,us
2019-07-17T08:09:01.102Z,39.8766,-98.3294,5,2.7,mb_lg,,85,1.482,0.59,us,us70004m3p,2019-07-18T02:39:45.224Z,"14km NW of Mankato, Kansas",earthquake,2.5,1.6,0.05,103,reviewed,us,us
2019-07-17T07:08:57.620Z,43.3703,-127.0979,10,2.7,ml,,267,2.083,0.91,us,us70004m35,2019-07-17T07:27:31.040Z,"220km W of Bandon, Oregon",earthquake,4.5,2,0.045,66,reviewed,us,us
2019-07-17T06:37:55.070Z,19.4881,-65.3955,84,3.32,md,9,297,1.4203,0.33,pr,pr2019198001,2019-07-18T06:00:16.040Z,"138km NNE of Vieques, Puerto Rico",earthquake,7.19,16.78,0.26,7,reviewed,pr,pr
2019-07-17T06:25:49.971Z,15.7589,-94.8977,42.91,4.9,mb,,143,2.705,0.84,us,us70004m2p,2019-07-18T16:47:02.621Z,"50km SSE of San Mateo del Mar, Mexico",earthquake,3.1,9.7,0.067,69,reviewed,us,us
2019-07-17T06:10:46.092Z,-17.0078,-176.8682,10,5.2,mb,,76,2.943,0.76,us,us70004m2i,2019-07-17T17:50:15.040Z,Fiji region,earthquake,8.4,1.7,0.043,178,reviewed,us,us
2019-07-17T05:58:08.718Z,-3.764,151.3517,10,4.9,mb,,84,0.914,0.95,us,us70004m2d,2019-07-17T06:32:35.040Z,"102km WNW of Rabaul, Papua New Guinea",earthquake,3.9,1.9,0.083,45,reviewed,us,us
2019-07-17T05:49:52.290Z,35.8568344,-117.685997,3.68,3.07,ml,45,40,0.08018,0.16,ci,ci38586063,2019-07-17T06:58:01.061Z,"22km ESE of Little Lake, CA",earthquake,0.18,0.61,0.246,23,automatic,ci,ci
2019-07-17T05:16:00.810Z,35.6213333,-117.422,2.66,2.6,ml,32,92,0.04371,0.17,ci,ci38585935,2019-07-17T05:27:11.400Z,"16km S of Searles Valley, CA",earthquake,0.25,0.31,0.134,26,automatic,ci,ci
2019-07-17T05:10:00.126Z,-20.0248,-173.6298,10,4.9,mb,,87,3.616,1.03,us,us70004m1z,2019-07-17T05:58:30.040Z,"79km ESE of Pangai, Tonga",earthquake,10.7,1.5,0.086,42,reviewed,us,us
2019-07-17T04:35:14.876Z,-12.3524,166.1843,10,5.1,mb,,144,3.231,0.98,us,us70004m1d,2019-07-17T04:54:43.040Z,"184km SSE of Lata, Solomon Islands",earthquake,8.1,1.8,0.101,32,reviewed,us,us
2019-07-17T04:26:50.340Z,18.9576,-67.12,80,2.83,md,5,225,1.0352,0.45,pr,pr2019198002,2019-07-17T09:20:05.330Z,"51km N of Isabela, Puerto Rico",earthquake,7.35,9.2,0.2,5,reviewed,pr,pr
2019-07-17T03:59:51.000Z,19.41,-99.22,3,2.9,md,,,,0.86,us,us70004m0y,2019-07-18T18:13:57.981Z,"2km SW of Miguel Hidalgo, Mexico",earthquake,4.9,2,,,reviewed,unm,unm
2019-07-17T03:45:58.870Z,36.1213333,-117.8861667,5.04,2.91,ml,52,57,0.02562,0.17,ci,ci38585423,2019-07-17T17:47:40.045Z,"10km NNE of Coso Junction, CA",earthquake,0.15,0.4,0.135,59,reviewed,ci,ci
2019-07-17T03:23:27.970Z,36.1166667,-117.8901667,3.38,3.48,mlr,68,54,0.0286,0.19,ci,ci38585311,2019-07-19T02:23:38.009Z,"10km NNE of Coso Junction, CA",earthquake,0.13,0.34,0.105,99,reviewed,ci,ci
2019-07-17T03:22:49.540Z,36.1184998,-117.8899994,3.49,3.16,ml,50,55,0.02847,0.2,ci,ci38585303,2019-07-17T15:57:24.072Z,"10km NNE of Coso Junction, CA",earthquake,0.22,0.51,0.292,22,reviewed,ci,ci
2019-07-17T03:08:29.050Z,35.6831667,-117.533,8.65,2.65,ml,34,56,0.06771,0.15,ci,ci38585215,2019-07-17T03:19:25.410Z,"15km ENE of Ridgecrest, CA",earthquake,0.19,0.53,0.122,25,automatic,ci,ci
2019-07-17T02:53:41.980Z,17.9611,-65.3765,21,2.71,md,11,333,0.5058,0.45,pr,pr2019198000,2019-07-17T05:21:30.431Z,"18km SSE of Esperanza, Puerto Rico",earthquake,4.12,29.61,0.45,5,reviewed,pr,pr
2019-07-17T02:43:22.098Z,-17.0035,-176.7781,10,5.1,mb,,52,2.976,1.11,us,us70004lzw,2019-07-17T17:47:04.040Z,Fiji region,earthquake,8.6,1.9,0.089,41,reviewed,us,us
2019-07-17T02:36:29.920Z,36.1148333,-117.8833333,4.32,3.23,ml,53,56,0.02322,0.16,ci,ci38585063,2019-07-17T17:57:52.020Z,"10km NE of Coso Junction, CA",earthquake,0.13,0.29,0.136,91,reviewed,ci,ci
2019-07-17T02:35:27.440Z,36.1195,-117.8871667,4.84,3.07,ml,53,58,0.02623,0.16,ci,ci38585055,2019-07-17T18:05:04.160Z,"10km NNE of Coso Junction, CA",earthquake,0.16,0.4,0.14,68,reviewed,ci,ci
2019-07-17T02:30:50.780Z,36.1136667,-117.8815,5.2,2.73,ml,14,118,0.02192,0.13,ci,ci38585039,2019-07-17T14:18:05.158Z,"10km NE of Coso Junction, CA",earthquake,0.37,0.49,0.038,5,automatic,ci,ci
2019-07-17T02:29:07.380Z,36.1163333,-117.8843333,4.83,4.36,mw,71,53,0.0239,0.19,ci,ci38585023,2019-07-18T08:22:06.104Z,"10km NE of Coso Junction, CA",earthquake,0.13,0.38,,6,reviewed,ci,ci
2019-07-17T01:58:32.796Z,-55.6831,-28.6276,69.9,4.7,mb,,101,4.739,0.84,us,us70004lz8,2019-07-17T02:28:38.040Z,"143km NW of Visokoi Island, South Georgia and the South Sandwich Islands",earthquake,12,6.4,0.102,29,reviewed,us,us
2019-07-17T01:57:26.440Z,0.334,126.2494,39.58,4.7,mb,,62,1.198,0.77,us,us70004lz9,2019-07-17T02:51:11.040Z,"133km WSW of Kota Ternate, Indonesia",earthquake,5.4,7.6,0.126,19,reviewed,us,us
2019-07-17T01:47:24.810Z,35.6231667,-117.4748333,8.21,3.11,ml,50,29,0.02763,0.15,ci,ci38584855,2019-07-18T01:43:21.040Z,"17km SSW of Searles Valley, CA",earthquake,0.14,0.28,0.133,95,reviewed,ci,ci
2019-07-17T01:06:11.710Z,35.8593333,-117.6926667,4.67,2.55,ml,30,48,0.07753,0.23,ci,ci38584663,2019-07-17T01:37:20.887Z,"21km ESE of Little Lake, CA",earthquake,0.27,0.79,0.101,25,automatic,ci,ci
2019-07-17T00:53:16.170Z,35.6211667,-117.4345,7.72,3.32,ml,60,31,0.0413,0.14,ci,ci38584607,2019-07-17T18:34:44.850Z,"16km S of Searles Valley, CA",earthquake,0.11,0.27,0.129,286,reviewed,ci,ci
2019-07-16T23:49:10.916Z,14.5407,56.2917,10,4.7,mb,,139,10.351,1.14,us,us70004ly5,2019-07-17T00:04:59.040Z,Owen Fracture Zone region,earthquake,12.2,1.9,0.089,38,reviewed,us,us
2019-07-16T23:43:03.830Z,35.7935,-117.623,2.79,2.45,ml,32,46,0.03036,0.19,ci,ci38584327,2019-07-16T23:47:01.178Z,"20km NNE of Ridgecrest, CA",earthquake,0.22,0.47,0.171,26,automatic,ci,ci
2019-07-16T22:50:40.720Z,36.0668333,-117.8383333,0.88,2.59,ml,28,52,0.05238,0.16,ci,ci38584079,2019-07-17T01:14:43.304Z,"10km ENE of Coso Junction, CA",earthquake,0.21,0.39,0.111,25,automatic,ci,ci
2019-07-16T22:39:41.054Z,59.7759,-141.7058,0,2.5,ml,,,,0.9,ak,ak0199267cq6,2019-07-16T22:52:43.013Z,"51km SE of Cape Yakataga, Alaska",earthquake,,0.3,,,automatic,ak,ak
2019-07-16T22:38:43.160Z,35.7761667,-117.5878333,2.68,2.65,ml,35,64,0.04026,0.18,ci,ci38583991,2019-07-16T22:49:48.520Z,"17km W of Searles Valley, CA",earthquake,0.23,0.51,0.16,25,automatic,ci,ci
2019-07-16T22:03:51.407Z,12.3388,144.5255,7.63,5.6,mww,,36,1.287,0.99,us,us70004lw5,2019-07-17T22:05:59.675Z,"103km S of Merizo Village, Guam",earthquake,7.8,4.3,0.071,19,reviewed,us,us
2019-07-16T21:42:41.681Z,69.2732,-144.7295,0,3.6,ml,,,,0.62,ak,ak019925mkbt,2019-07-16T21:55:06.040Z,"104km SSW of Kaktovik, Alaska",earthquake,,136.6,,,automatic,ak,ak
2019-07-16T21:13:23.230Z,54.6678,-159.6063,24.72,2.7,ml,,263,0.163,0.56,us,us70004luh,2019-07-17T00:18:01.040Z,"13km SSW of Chernabura Island, Alaska",earthquake,7.5,11,0.081,20,reviewed,us,us
2019-07-16T21:06:21.440Z,35.8791667,-117.6915,7.52,3.05,ml,55,17,0.07628,0.15,ci,ci38583551,2019-07-17T20:24:14.160Z,"20km ESE of Little Lake, CA",earthquake,0.11,0.37,0.142,66,reviewed,ci,ci
2019-07-16T20:31:33.341Z,-23.3687,-66.7795,199,4.5,mwr,,36,1.352,1.02,us,us70004lrp,2019-07-18T15:36:48.040Z,"105km NNW of San Antonio de los Cobres, Argentina",earthquake,8,7.6,,,reviewed,us,guc
2019-07-16T20:24:16.780Z,37.8186667,-121.7603333,11.71,3.2,ml,96,67,0.03456,0.13,nc,nc73225436,2019-07-18T15:28:47.040Z,"12km WSW of Byron, CA",earthquake,0.18,0.28,0.194,81,reviewed,nc,nc
2019-07-16T20:17:51.600Z,35.5498333,-117.4305,3.19,2.76,ml,21,43,0.04479,0.2,ci,ci37421765,2019-07-17T00:31:48.497Z,"24km ESE of Ridgecrest, CA",earthquake,0.23,0.34,0.117,7,reviewed,ci,ci
2019-07-16T20:15:59.040Z,35.678,-117.5176667,6.48,3.6,ml,21,63,0.06981,0.21,ci,ci37421757,2019-07-18T15:18:57.040Z,"14km SW of Searles Valley, CA",earthquake,0.28,0.91,0.127,4,reviewed,ci,ci
2019-07-16T20:15:36.800Z,35.7835,-117.6153333,3.59,4.47,mw,81,31,0.03528,0.21,ci,ci38583335,2019-07-19T03:13:56.660Z,"19km NNE of Ridgecrest, CA",earthquake,0.12,0.35,,6,reviewed,ci,ci
2019-07-16T20:11:01.470Z,37.8186667,-121.7568333,12.38,4.31,mw,136,75,0.03726,0.14,nc,nc73225421,2019-07-19T00:18:02.532Z,"12km WSW of Byron, CA",earthquake,0.17,0.29,,4,reviewed,nc,nc
2019-07-16T19:51:07.003Z,-6.2301,148.6108,62.98,4.6,mb,,74,4.076,0.82,us,us70004lq8,2019-07-18T14:57:01.040Z,"91km ENE of Finschhafen, Papua New Guinea",earthquake,8,7.4,0.081,46,reviewed,us,us
2019-07-16T19:23:50.120Z,36.1923333,-117.8885,1.85,2.72,ml,27,61,0.07941,0.15,ci,ci38583095,2019-07-16T21:53:12.323Z,"14km SE of Olancha, CA",earthquake,0.27,0.58,0.142,25,automatic,ci,ci
2019-07-16T19:11:48.950Z,36.0251667,-117.8716667,1.85,2.53,ml,35,54,0.02309,0.17,ci,ci38583015,2019-07-17T14:16:45.576Z,"7km ESE of Coso Junction, CA",earthquake,0.24,0.33,0.192,25,automatic,ci,ci
2019-07-16T19:01:00.850Z,35.6795,-117.54,5.6,2.48,ml,35,38,0.06204,0.14,ci,ci38582951,2019-07-17T14:17:53.467Z,"14km ENE of Ridgecrest, CA",earthquake,0.18,0.66,0.122,25,automatic,ci,ci
2019-07-16T18:36:26.780Z,35.7383333,-117.5585,8.53,2.69,ml,36,57,0.0835,0.17,ci,ci38582815,2019-07-16T18:47:14.720Z,"14km WSW of Searles Valley, CA",earthquake,0.21,0.63,0.143,26,automatic,ci,ci
2019-07-16T18:15:26.471Z,28.4791,56.7468,10,4.3,mb,,98,3.552,0.68,us,us70004llj,2019-07-18T14:52:24.040Z,"88km S of Kuh Sefid, Iran",earthquake,8.5,1.9,0.079,50,reviewed,us,us
2019-07-16T17:05:45.040Z,36.2036667,-117.8958333,1.13,2.9,ml,32,62,0.09209,0.16,ci,ci38582311,2019-07-17T14:17:39.233Z,"13km SE of Olancha, CA",earthquake,0.27,0.69,0.106,26,automatic,ci,ci
2019-07-16T16:45:56.776Z,-0.6977,127.5573,37.98,4.7,mb,,65,1.472,0.83,us,us70004li3,2019-07-16T17:29:43.040Z,"73km N of Laiwui, Indonesia",earthquake,6.2,7.3,0.092,40,reviewed,us,us
2019-07-16T16:26:03.415Z,30.5611,141.8292,16.37,4.8,mb,,126,3.07,0.84,us,us70004lhj,2019-07-16T17:16:33.040Z,"Izu Islands, Japan region",earthquake,4.2,4.8,0.086,45,reviewed,us,us
2019-07-16T16:21:04.677Z,28.4264,56.7714,10,4.5,mb,,100,3.504,0.89,us,us70004lh0,2019-07-16T17:53:27.040Z,"94km S of Kuh Sefid, Iran",earthquake,8.5,1.9,0.061,80,reviewed,us,us
2019-07-16T15:59:52.030Z,35.8068333,-117.626,5.9,2.94,ml,45,34,0.0248,0.15,ci,ci38581967,2019-07-16T20:24:39.600Z,"20km WNW of Searles Valley, CA",earthquake,0.12,0.39,0.168,77,reviewed,ci,ci
2019-07-16T15:57:04.410Z,36.1013333,-117.823,2.16,2.96,ml,51,26,0.03047,0.16,ci,ci38581959,2019-07-16T19:04:57.710Z,"13km ENE of Coso Junction, CA",earthquake,0.13,0.21,0.144,70,reviewed,ci,ci
2019-07-16T15:25:43.319Z,37.1996,141.5267,40.72,4.6,mb,,82,0.888,0.87,us,us70004lf6,2019-07-17T14:44:41.055Z,"56km SE of Namie, Japan",earthquake,5.5,6.6,0.07,65,reviewed,us,us
2019-07-16T14:38:46.020Z,35.989,-117.411,0.89,3.46,ml,65,38,0.09348,0.2,ci,ci38581455,2019-07-17T18:58:48.828Z,"25km N of Searles Valley, CA",earthquake,0.13,0.28,0.111,109,reviewed,ci,ci
2019-07-16T14:02:10.810Z,36.1198333,-117.8223333,2.31,2.64,ml,27,50,0.02643,0.16,ci,ci38581239,2019-07-16T14:12:46.550Z,"14km NE of Coso Junction, CA",earthquake,0.23,0.36,0.165,26,automatic,ci,ci
2019-07-16T13:16:50.230Z,35.6586685,-117.4736633,4.14,3.08,ml,55,65,0.07261,0.14,ci,ci38580911,2019-07-16T21:52:04.819Z,"14km SSW of Searles Valley, CA",earthquake,0.18,0.66,0.224,20,reviewed,ci,ci
2019-07-16T13:16:17.360Z,35.6313333,-117.4255,3.47,2.57,ml,32,75,0.05381,0.15,ci,ci38580903,2019-07-16T13:26:59.710Z,"15km S of Searles Valley, CA",earthquake,0.27,0.72,0.148,25,automatic,ci,ci
2019-07-16T12:36:02.637Z,-23.6456,-179.7921,532.46,4.5,mb,,65,5.821,0.82,us,us70004lc7,2019-07-16T13:03:47.040Z,South of the Fiji Islands,earthquake,11.9,7.1,0.07,60,reviewed,us,us
2019-07-16T11:52:46.560Z,18.334,-68.1156,169,2.97,md,15,182,0.6384,0.32,pr,pr2019197002,2019-07-16T13:35:33.040Z,"47km SSE of Punta Cana, Dominican Republic",earthquake,5.24,1.64,0.37,11,reviewed,pr,pr
2019-07-16T11:50:02.800Z,36.0025,-117.4116667,1.1,2.45,ml,24,73,0.08365,0.16,ci,ci38580399,2019-07-16T12:00:49.840Z,"26km N of Searles Valley, CA",earthquake,0.31,0.61,0.153,25,automatic,ci,ci
2019-07-16T10:57:49.870Z,35.5716667,-117.4428333,2.76,2.6,ml,30,68,0.02164,0.15,ci,ci38580143,2019-07-16T11:08:46.900Z,"22km ESE of Ridgecrest, CA",earthquake,0.25,0.42,0.161,25,automatic,ci,ci
2019-07-16T10:52:32.670Z,35.5973333,-117.3715,5.88,3.48,mlr,61,25,0.06943,0.16,ci,ci38580111,2019-07-17T10:54:07.008Z,"19km S of Trona, CA",earthquake,0.13,0.33,0.162,147,reviewed,ci,ci
2019-07-16T10:45:37.325Z,40.1289,71.219,10,4.6,mb,,67,0.787,0.71,us,us70004lag,2019-07-16T13:53:24.040Z,"23km NNW of Khaydarkan, Kyrgyzstan",earthquake,4.2,1.9,0.054,101,reviewed,us,us
2019-07-16T10:18:16.129Z,45.8755,-111.3348,5,2.8,ml,,67,0.029,0.56,us,us70004la4,2019-07-17T00:43:18.579Z,"2km N of Manhattan, Montana",earthquake,1.6,1.9,0.063,33,reviewed,us,us
2019-07-16T09:42:34.540Z,35.7936667,-117.6228333,2.69,2.76,ml,41,33,0.03015,0.2,ci,ci38579815,2019-07-16T17:04:41.050Z,"20km NNE of Ridgecrest, CA",earthquake,0.17,0.36,0.125,33,reviewed,ci,ci
2019-07-16T09:42:12.640Z,35.9498333,-117.6776667,0.76,2.51,ml,26,47,0.1113,0.21,ci,ci38579807,2019-07-16T09:46:00.981Z,"21km E of Little Lake, CA",earthquake,0.27,0.55,0.216,25,automatic,ci,ci
2019-07-16T08:42:27.860Z,35.5433333,-117.3801667,2.42,2.69,ml,29,73,0.02234,0.16,ci,ci38579535,2019-07-16T09:07:19.196Z,"25km S of Trona, CA",earthquake,0.28,0.44,0.16,26,automatic,ci,ci
2019-07-16T08:39:47.100Z,35.5841675,-117.6198349,5.91,2.68,ml,49,48,0.1161,0.16,ci,ci38579511,2019-07-16T21:37:14.906Z,"6km SE of Ridgecrest, CA",earthquake,0.17,0.79,0.205,24,automatic,ci,ci
2019-07-16T07:51:09.820Z,35.6735,-117.538,9.42,2.89,ml,31,60,0.1065,0.12,ci,ci38579271,2019-07-16T07:55:02.387Z,"14km ENE of Ridgecrest, CA",earthquake,0.19,0.52,0.115,24,automatic,ci,ci
2019-07-16T07:36:52.221Z,61.5399,-146.3333,19.5,2.6,ml,,,,0.73,ak,ak01991x98aw,2019-07-16T07:45:19.502Z,"45km N of Valdez, Alaska",earthquake,,0.4,,,automatic,ak,ak
2019-07-16T06:01:33.920Z,35.8183333,-117.6321667,0.63,2.48,ml,22,50,0.02829,0.24,ci,ci38578703,2019-07-16T06:05:20.455Z,"21km WNW of Searles Valley, CA",earthquake,0.38,0.58,0.142,26,automatic,ci,ci
2019-07-16T05:29:42.670Z,36.0576667,-117.8565,2.24,2.7,ml,26,53,0.0569,0.18,ci,ci38578575,2019-07-17T14:17:31.767Z,"8km E of Coso Junction, CA",earthquake,0.3,0.41,0.158,26,automatic,ci,ci
2019-07-16T05:26:52.710Z,35.7923333,-117.6245,3.07,3.55,ml,55,30,0.03205,0.17,ci,ci38578567,2019-07-17T05:28:34.426Z,"20km NNE of Ridgecrest, CA",earthquake,0.11,0.24,0.121,152,reviewed,ci,ci
2019-07-16T04:52:28.230Z,35.876,-117.6795,4.54,2.97,ml,54,20,0.07554,0.15,ci,ci38578455,2019-07-16T17:35:35.270Z,"22km ESE of Little Lake, CA",earthquake,0.11,0.32,0.14,73,reviewed,ci,ci
2019-07-16T04:27:34.840Z,35.946,-117.7026667,2.31,2.48,ml,25,64,0.09339,0.13,ci,ci38578311,2019-07-16T04:37:55.840Z,"18km E of Little Lake, CA",earthquake,0.23,0.49,0.239,26,automatic,ci,ci
2019-07-16T04:15:45.260Z,35.8016667,-117.6296667,5.41,2.46,ml,25,54,0.02967,0.17,ci,ci38578255,2019-07-16T04:26:47.670Z,"20km NNE of Ridgecrest, CA",earthquake,0.26,0.7,0.172,25,automatic,ci,ci
2019-07-16T04:13:06.060Z,18.1268,-64.8641,152,3.15,md,18,340,0.9848,0.29,pr,pr2019197001,2019-07-16T07:41:37.404Z,"24km SSE of Charlotte Amalie, U.S. Virgin Islands",earthquake,4.05,1.63,0.39,14,reviewed,pr,pr
2019-07-16T03:35:48.790Z,35.6595,-117.4468333,11.07,2.81,ml,28,68,0.07391,0.17,ci,ci38578079,2019-07-16T03:46:25.710Z,"13km SSW of Searles Valley, CA",earthquake,0.31,0.51,0.2,25,automatic,ci,ci
2019-07-16T03:32:11.650Z,35.852,-117.675,8.06,3.21,ml,57,21,0.07262,0.15,ci,ci38578055,2019-07-16T19:48:22.286Z,"23km ESE of Little Lake, CA",earthquake,0.11,0.33,0.208,92,reviewed,ci,ci
2019-07-16T03:19:48.620Z,-36.6673,-73.0811,32.67,2.9,ml,,144,0.119,0.5,us,us70004lsv,2019-07-16T21:06:33.095Z,"6km NNE of Talcahuano, Chile",earthquake,10.6,4.5,0.071,26,reviewed,us,us
2019-07-16T03:12:10.110Z,36.1963333,-117.8925,1.97,2.83,ml,23,94,0.08429,0.15,ci,ci38577951,2019-07-16T03:23:01.800Z,"14km SE of Olancha, CA",earthquake,0.4,0.71,0.175,26,automatic,ci,ci
2019-07-16T02:56:07.170Z,36.0883333,-117.8413333,1.03,2.46,ml,20,100,0.03117,0.14,ci,ci38577871,2019-07-16T03:26:30.610Z,"11km ENE of Coso Junction, CA",earthquake,0.31,0.32,0.125,26,automatic,ci,ci
2019-07-16T02:47:05.040Z,35.6321667,-117.4303333,4.82,3.8,mw,62,37,0.03333,0.15,ci,ci38577831,2019-07-17T02:48:40.016Z,"15km S of Searles Valley, CA",earthquake,0.12,0.24,,6,reviewed,ci,ci
2019-07-16T02:35:52.760Z,35.8684998,-117.7056656,6.69,2.96,ml,45,39,0.07676,0.24,ci,ci38577799,2019-07-16T16:28:52.112Z,"20km ESE of Little Lake, CA",earthquake,0.27,0.63,0.202,23,reviewed,ci,ci
2019-07-16T01:18:11.160Z,35.8926667,-117.7246667,2,2.45,ml,23,54,0.09006,0.17,ci,ci38577431,2019-07-16T01:28:55.990Z,"17km ESE of Little Lake, CA",earthquake,0.25,0.44,0.167,25,automatic,ci,ci
2019-07-16T01:05:07.610Z,35.9493333,-117.7083333,2.46,2.66,ml,25,65,0.088,0.17,ci,ci38577391,2019-07-16T01:15:49.800Z,"18km E of Little Lake, CA",earthquake,0.27,0.62,0.186,25,automatic,ci,ci
2019-07-16T00:50:22.070Z,35.9453316,-117.7034988,2.2,3.08,ml,44,33,0.09275,0.14,ci,ci38577303,2019-07-16T01:34:00.040Z,"18km E of Little Lake, CA",earthquake,0.19,0.43,0.322,25,automatic,ci,ci
2019-07-16T00:26:09.560Z,36.0281667,-117.319,6,2.86,ml,10,141,0.14,0.1,ci,ci38577167,2019-07-16T15:23:21.527Z,"30km N of Trona, CA",earthquake,0.27,1.91,0.14,60,reviewed,ci,ci
2019-07-16T00:18:36.991Z,-8.8258,114.502,80,5.7,mww,,19,0.494,1.44,us,us70004l29,2019-07-19T03:49:50.581Z,"36km SSE of Kendalrejo, Indonesia",earthquake,7.3,1.8,0.069,20,reviewed,us,us
2019-07-16T00:07:08.770Z,19.3543,-65.6521,48,3.22,md,6,319,1.2281,0.49,pr,pr2019197000,2019-07-16T05:22:45.040Z,"107km N of Vieques, Puerto Rico",earthquake,7.03,28.75,0,1,reviewed,pr,pr
2019-07-15T21:50:40.820Z,35.9691667,-117.2736667,1.5,2.73,ml,21,74,0.07844,0.19,ci,ci38576447,2019-07-15T22:59:07.093Z,"25km NNE of Trona, CA",earthquake,0.31,0.73,0.127,26,automatic,ci,ci
2019-07-15T21:29:53.010Z,35.678,-117.506,9.16,3.69,mw,54,31,0.06825,0.16,ci,ci38576311,2019-07-17T05:48:58.387Z,"14km SW of Searles Valley, CA",earthquake,0.14,0.33,,6,reviewed,ci,ci
2019-07-15T21:13:55.830Z,35.6716652,-117.5258331,6.38,3.17,ml,48,60,0.09954,0.18,ci,ci38576223,2019-07-16T18:39:24.618Z,"15km ENE of Ridgecrest, CA",earthquake,0.21,0.79,0.241,20,reviewed,ci,ci
2019-07-15T20:53:18.293Z,66.2861,-157.3215,10,2.5,ml,,35,0.172,0.96,us,us70004l4q,2019-07-16T16:03:00.040Z,"71km SSW of Kobuk, Alaska",earthquake,3.3,2,0.043,72,reviewed,us,us
2019-07-15T20:46:50.960Z,37.2723333,-121.6455,6.83,3.3,mw,106,50,0.02575,0.08,nc,nc73224146,2019-07-17T21:42:51.492Z,"16km N of Morgan Hill, CA",earthquake,0.09,0.2,,4,reviewed,nc,nc
2019-07-15T20:30:45.880Z,36.127,-117.8275,2.06,2.62,ml,25,52,0.02406,0.15,ci,ci38576015,2019-07-17T14:18:23.627Z,"14km NE of Coso Junction, CA",earthquake,0.28,0.32,0.168,26,automatic,ci,ci
2019-07-15T20:21:19.320Z,36.0615,-117.8538333,1.25,2.73,ml,25,54,0.05597,0.14,ci,ci38575967,2019-07-16T03:43:24.494Z,"9km ENE of Coso Junction, CA",earthquake,0.24,0.31,0.136,25,automatic,ci,ci
2019-07-15T19:14:51.590Z,35.9521667,-117.4853333,2.4,2.56,ml,40,30,0.1056,0.15,ci,ci38575655,2019-07-15T21:26:06.361Z,"22km NNW of Searles Valley, CA",earthquake,0.18,0.56,0.18,42,reviewed,ci,ci
2019-07-15T18:34:49.190Z,35.9118333,-117.6978333,3.84,3,ml,23,51,0.05271,0.16,ci,ci38575455,2019-07-16T18:39:42.961Z,"19km E of Little Lake, CA",earthquake,0.29,0.72,0.143,25,reviewed,ci,ci
2019-07-15T18:34:00.060Z,36.0595,-117.8495,2.12,2.64,ml,24,53,0.05812,0.12,ci,ci38575431,2019-07-15T18:45:11.480Z,"9km E of Coso Junction, CA",earthquake,0.19,0.23,0.267,25,automatic,ci,ci
2019-07-15T18:11:51.674Z,-6.2439,128.0234,389.67,4.3,mb,,66,3.68,0.62,us,us70004kts,2019-07-15T18:34:16.040Z,"278km S of Amahusu, Indonesia",earthquake,9.1,9.9,0.147,13,reviewed,us,us
2019-07-15T17:54:42.520Z,53.4204,-163.1354,32.19,2.6,ml,,227,1.35,0.53,us,us70004l1p,2019-07-16T16:16:28.040Z,"160km S of False Pass, Alaska",earthquake,3.3,19.7,0.128,8,reviewed,us,us
2019-07-15T17:41:29.906Z,31.7635,91.2037,11.54,4.9,mb,,106,5.377,0.83,us,us70004ksw,2019-07-15T18:22:31.040Z,"76km SW of Pagnag, China",earthquake,10.1,4.4,0.042,174,reviewed,us,us
2019-07-15T17:00:20.270Z,35.9461667,-117.7028333,2.5,2.45,ml,29,47,0.0426,0.17,ci,ci38574823,2019-07-15T17:11:39.170Z,"18km E of Little Lake, CA",earthquake,0.21,0.33,0.21,26,automatic,ci,ci
2019-07-15T16:55:14.150Z,35.6628342,-117.4424973,3.68,2.46,ml,33,59,0.07784,0.15,ci,ci38574799,2019-07-15T17:05:58.220Z,"12km SSW of Searles Valley, CA",earthquake,0.21,0.8,0.268,24,automatic,ci,ci
2019-07-15T16:06:10.290Z,35.7428333,-117.5085,1.73,2.88,ml,30,61,0.1605,0.14,ci,ci38574551,2019-07-15T16:16:59.610Z,"10km WSW of Searles Valley, CA",earthquake,0.23,0.74,0.155,25,automatic,ci,ci
2019-07-15T15:43:36.570Z,35.672,-117.4125,8.54,3.61,mw,79,25,0.0114,0.15,ci,ci38574407,2019-07-17T18:30:57.903Z,"11km S of Searles Valley, CA",earthquake,0.1,0.24,,6,reviewed,ci,ci
2019-07-15T14:54:19.990Z,36.0808333,-117.8876667,0.18,2.65,ml,25,57,0.04528,0.16,ci,ci38574143,2019-07-15T14:58:05.116Z,"7km NE of Coso Junction, CA",earthquake,0.25,0.45,0.145,25,automatic,ci,ci
2019-07-15T14:13:57.290Z,36.1071667,-117.8476667,3.59,2.66,ml,25,53,0.01191,0.16,ci,ci38573879,2019-07-15T14:17:49.197Z,"11km NE of Coso Junction, CA",earthquake,0.28,0.46,0.198,25,automatic,ci,ci
2019-07-15T13:29:35.260Z,36.067,-117.8466667,1.67,2.67,ml,22,93,0.05091,0.15,ci,ci38573671,2019-07-17T14:18:19.960Z,"10km ENE of Coso Junction, CA",earthquake,0.27,0.34,0.212,25,automatic,ci,ci
2019-07-15T12:53:58.880Z,18.753,-67.3445,17,2.5,md,9,274,0.3687,0.27,pr,pr2019196011,2019-07-15T18:03:22.485Z,"38km NW of San Antonio, Puerto Rico",earthquake,1.25,1.49,0.37,6,reviewed,pr,pr
2019-07-15T12:38:14.220Z,35.9308333,-117.7001667,2.79,2.57,ml,24,82,0.09715,0.11,ci,ci38573423,2019-07-15T12:49:21.580Z,"19km E of Little Lake, CA",earthquake,0.2,0.93,0.233,25,automatic,ci,ci
2019-07-15T12:25:44.970Z,36.1056671,-117.9126663,1.91,3.01,ml,46,57,0.04829,0.17,ci,ci38573335,2019-07-15T13:33:09.059Z,"8km NNE of Coso Junction, CA",earthquake,0.22,0.35,0.245,24,reviewed,ci,ci
2019-07-15T11:58:14.050Z,36.0751667,-117.8546667,-0.01,2.63,ml,17,80,0.04233,0.24,ci,ci38573175,2019-07-15T12:02:16.661Z,"9km ENE of Coso Junction, CA",earthquake,0.48,31.61,0.215,25,automatic,ci,ci
2019-07-15T11:54:05.785Z,56.085,-148.5099,20.36,3.8,ml,,204,2.807,0.78,us,us70004kjc,2019-07-15T17:20:06.442Z,Gulf of Alaska,earthquake,11.2,11,0.051,50,reviewed,us,us
2019-07-15T11:22:44.920Z,18.169,-67.6536,146,2.86,md,12,289,0.2772,0.35,pr,pr2019196008,2019-07-15T16:56:11.565Z,"46km WSW of Rincon, Puerto Rico",earthquake,3.35,1.33,0.35,11,reviewed,pr,pr
2019-07-15T10:57:21.969Z,35.13766667,-95.351,7,2.63,ml,27,238,0.851232959,0.17,ok,ok2019ntcu,2019-07-15T20:21:51.040Z,"3km E of Quinton, Oklahoma",earthquake,,2.7,0.21,7,reviewed,ok,ok
2019-07-15T10:39:32.830Z,35.9316667,-117.7148333,3.26,2.62,ml,25,56,0.05476,0.14,ci,ci38572791,2019-07-15T10:50:49.110Z,"17km E of Little Lake, CA",earthquake,0.21,0.62,0.184,26,automatic,ci,ci
2019-07-15T10:35:24.354Z,-0.435,127.9366,10,5.2,mww,,66,1.327,1.4,us,us70004ki3,2019-07-16T04:18:27.676Z,"105km NNE of Laiwui, Indonesia",earthquake,7.1,1.9,0.073,18,reviewed,us,us
2019-07-15T10:29:10.390Z,35.6843333,-117.4761667,10.18,2.86,ml,30,64,0.09828,0.16,ci,ci38572735,2019-07-15T10:39:39.980Z,"11km SW of Searles Valley, CA",earthquake,0.28,0.62,0.155,25,automatic,ci,ci
2019-07-15T10:18:36.610Z,35.9271667,-117.72,2.63,2.88,ml,40,35,0.06017,0.17,ci,ci38572695,2019-07-15T19:50:57.620Z,"17km E of Little Lake, CA",earthquake,0.15,0.32,0.11,83,reviewed,ci,ci
2019-07-15T09:32:29.030Z,18.7495,-65.2353,25,2.68,md,15,323,0.8634,0.18,pr,pr2019196006,2019-07-15T13:35:42.451Z,"49km N of Culebra, Puerto Rico",earthquake,1.06,11.99,0.29,13,reviewed,pr,pr
2019-07-15T08:42:10.070Z,36.0535,-117.858,1.87,2.74,ml,24,80,0.05268,0.14,ci,ci38572063,2019-07-15T08:46:04.323Z,"8km E of Coso Junction, CA",earthquake,0.26,0.35,0.165,26,automatic,ci,ci
2019-07-15T08:38:45.270Z,36.0561667,-117.852,2.16,4.21,mw,64,52,0.05748,0.15,ci,ci38572055,2019-07-18T04:39:03.066Z,"9km E of Coso Junction, CA",earthquake,0.12,0.18,,4,reviewed,ci,ci
2019-07-15T08:21:35.928Z,-5.9904,149.5517,58.97,6.2,mww,,20,3.156,0.88,us,us70004kfs,2019-07-16T00:42:24.649Z,"25km N of Kandrian, Papua New Guinea",earthquake,7.8,5.6,0.047,44,reviewed,us,us
2019-07-15T08:10:58.630Z,35.6698333,-117.5153333,10.06,2.66,ml,30,62,0.1897,0.15,ci,ci38571887,2019-07-15T18:34:15.021Z,"15km SW of Searles Valley, CA",earthquake,0.26,0.67,0.176,25,automatic,ci,ci
2019-07-15T07:57:13.529Z,36.87833333,-97.42533333,7.91,2.86,ml,97,104,0,0.2,ok,ok2019nswv,2019-07-16T12:07:18.999Z,"16km WNW of Blackwell, Oklahoma",earthquake,,0.5,0.21,40,reviewed,ok,ok
2019-07-15T07:51:59.680Z,19.4468,-65.7085,44,3.08,md,13,319,1.198,0.29,pr,pr2019196004,2019-07-15T12:42:50.510Z,"113km N of Vieques, Puerto Rico",earthquake,2.45,12.8,0.34,11,reviewed,pr,pr
2019-07-15T07:23:48.470Z,18.8826,-66.42,39,2.62,md,16,259,0.42,0.29,pr,pr2019196002,2019-07-15T07:41:08.120Z,"46km N of Brenas, Puerto Rico",earthquake,1.15,3.1,0.24,15,reviewed,pr,pr
2019-07-15T07:14:01.150Z,35.9225,-117.6836667,1.18,2.91,ml,24,51,0.03704,0.2,ci,ci38571639,2019-07-15T07:18:07.763Z,"20km E of Little Lake, CA",earthquake,0.28,0.53,0.103,26,automatic,ci,ci
2019-07-15T07:01:00.130Z,18.1968,-67.2826,132,2.67,md,6,181,0.1979,0.25,pr,pr2019196003,2019-07-15T12:41:08.739Z,"14km SW of La Playa, Puerto Rico",earthquake,3.33,1.65,0.16,5,reviewed,pr,pr
2019-07-15T06:43:55.510Z,38.8241667,-122.8575,3.02,2.77,ml,76,42,0.003409,0.06,nc,nc73223486,2019-07-17T16:16:03.407Z,"10km WNW of The Geysers, CA",earthquake,0.11,0.16,0.166,40,reviewed,nc,nc
2019-07-15T06:39:55.730Z,35.3689995,-117.8461685,1.55,3.08,ml,71,31,0.1014,0.21,ci,ci38571423,2019-07-15T14:55:28.005Z,"19km W of Johannesburg, CA",earthquake,0.18,0.57,0.255,23,automatic,ci,ci
2019-07-15T06:36:35.122Z,69.181,-144.671,0,2.9,ml,,,,0.81,ak,ak0199094f5x,2019-07-15T06:47:10.674Z,"113km SSW of Kaktovik, Alaska",earthquake,,0.7,,,automatic,ak,ak
2019-07-15T06:31:12.983Z,1.4082,127.136,129.4,4.7,mb,,72,0.672,0.7,us,us70004ke6,2019-07-15T07:06:21.040Z,"73km NNW of Kota Ternate, Indonesia",earthquake,8.5,5.7,0.065,73,reviewed,us,us
2019-07-15T06:21:19.686Z,61.2057,-150.409,12.9,2.6,ml,,,,0.67,ak,ak01990915x4,2019-07-16T05:16:19.953Z,"27km W of Anchorage, Alaska",earthquake,,0.4,,,reviewed,ak,ak
2019-07-15T05:59:39.107Z,-10.012,118.7928,38.72,4.9,mb,,85,3.664,1.22,us,us70004kds,2019-07-17T14:18:09.187Z,"47km SW of Panenggoede, Indonesia",earthquake,5.3,7.2,0.074,57,reviewed,us,us
2019-07-15T05:50:44.320Z,-0.8001,127.749,10,4.5,mb,,90,1.607,0.7,us,us70004kdq,2019-07-15T06:37:38.040Z,"61km N of Laiwui, Indonesia",earthquake,8.6,1.8,0.128,18,reviewed,us,us
2019-07-15T04:55:56.450Z,35.6151657,-117.6026688,7.03,3.02,ml,58,44,0.118,0.16,ci,ci38570919,2019-07-16T16:34:05.346Z,"7km E of Ridgecrest, CA",earthquake,0.17,0.66,0.338,17,reviewed,ci,ci
2019-07-15T04:50:45.950Z,19.3385,-155.1825,4,2.5,ml,,152,0.043,0.31,us,us70004kd6,2019-07-16T00:05:48.800Z,"11km SSE of Volcano, Hawaii",earthquake,1.3,1.9,2.31,30,reviewed,hv,hv
2019-07-15T04:50:45.810Z,19.3326667,-155.1766667,6.03,2.63,ml,54,159,0.04705,0.11,hv,hv71047402,2019-07-17T03:51:56.093Z,"12km SSE of Volcano, Hawaii",earthquake,0.28,0.37,0.17,44,reviewed,hv,hv
2019-07-15T04:14:39.010Z,35.7231667,-117.5316667,8.09,2.67,ml,30,60,0.1476,0.15,ci,ci38570711,2019-07-15T04:25:24.590Z,"12km WSW of Searles Valley, CA",earthquake,0.28,1.18,0.116,25,automatic,ci,ci
2019-07-15T03:49:54.264Z,6.8396,-73.1083,141.28,4.4,mb,,66,0.941,0.73,us,us70004kbz,2019-07-15T04:17:21.040Z,"17km SSW of Piedecuesta, Colombia",earthquake,5.4,8.6,0.037,211,reviewed,us,us
2019-07-15T03:41:08.109Z,36.87566667,-97.43183333,7.99,2.84,ml,93,102,0,0.2,ok,ok2019nsok,2019-07-15T18:15:18.540Z,"16km WNW of Blackwell, Oklahoma",earthquake,,0.5,0.23,38,reviewed,ok,ok
2019-07-15T03:17:03.731Z,-15.4116,-177.319,394.18,4.5,mb,,61,1.343,0.64,us,us70004kbk,2019-07-15T03:46:53.040Z,"153km SE of Sigave, Wallis and Futuna",earthquake,11,6.4,0.03,316,reviewed,us,us
2019-07-15T03:12:42.360Z,35.6246667,-117.4325,4.77,2.5,ml,25,69,0.04512,0.15,ci,ci38570351,2019-07-15T03:23:24.270Z,"16km S of Searles Valley, CA",earthquake,0.27,0.58,0.172,25,automatic,ci,ci
2019-07-15T03:05:13.753Z,-0.6953,127.6579,10,5,mb,,45,1.486,0.67,us,us70004kbd,2019-07-15T03:23:34.040Z,"72km N of Laiwui, Indonesia",earthquake,6.5,1,0.065,75,reviewed,us,us
2019-07-15T02:54:39.640Z,35.6645,-117.504,8.98,3.64,mw,69,31,0.06539,0.15,ci,ci38570271,2019-07-17T06:19:43.915Z,"15km SW of Searles Valley, CA",earthquake,0.1,0.23,,4,reviewed,ci,ci
2019-07-15T02:14:27.760Z,35.9803333,-117.8205,-0.96,2.48,ml,11,325,1.049,0.86,ci,ci37421517,2019-07-15T15:46:50.391Z,"9km ENE of Little Lake, CA",earthquake,5.73,7.76,0.192,30,reviewed,ci,ci
2019-07-15T01:41:07.963Z,9.4856,-84.6133,10,3.7,ml,,228,0.651,0.28,us,us70004l1l,2019-07-17T11:00:57.375Z,"14km S of Jaco, Costa Rica",earthquake,3.3,2,0.085,18,reviewed,us,us
2019-07-15T00:35:36.980Z,36.0755,-117.8775,2.22,2.67,ml,25,55,0.04582,0.1,ci,ci38569583,2019-07-15T00:46:17.240Z,"7km ENE of Coso Junction, CA",earthquake,0.17,0.23,0.192,25,automatic,ci,ci
2019-07-15T00:16:18.190Z,35.6935005,-117.5518341,3.44,2.55,ml,39,59,0.1617,0.18,ci,ci38569463,2019-07-15T02:45:33.132Z,"14km NE of Ridgecrest, CA",earthquake,0.25,0.92,0.247,25,automatic,ci,ci
2019-07-15T00:15:27.756Z,40.4007,41.7754,10,4.4,mwr,,41,1.027,1.03,us,us70004k9a,2019-07-15T00:34:49.040Z,"10km NW of Narman, Turkey",earthquake,6.2,1.9,0.069,20,reviewed,us,us
2019-07-15T00:14:10.840Z,6.5407,126.0869,86.25,4.7,mb,,85,0.728,0.58,us,us70004k9c,2019-07-15T04:39:24.533Z,"1km SW of Magdug, Philippines",earthquake,8.7,7.2,0.106,27,reviewed,us,us
2019-07-15T00:05:36.910Z,18.1876,-67.458,1,2.5,md,9,237,0.198,0.44,pr,pr2019196000,2019-07-15T04:28:06.711Z,"26km SW of Stella, Puerto Rico",earthquake,1.89,1.84,0.35,9,reviewed,pr,pr
2019-07-14T23:15:55.110Z,36.0906677,-117.8653336,3.75,3.12,ml,51,52,0.02816,0.17,ci,ci38569191,2019-07-15T15:45:26.109Z,"9km NE of Coso Junction, CA",earthquake,0.19,0.35,0.322,20,automatic,ci,ci
2019-07-14T23:01:36.521Z,-18.2789,120.2809,10,5.1,mww,,28,2.911,0.73,us,us70004k8e,2019-07-15T22:53:23.116Z,"209km W of Broome, Australia",earthquake,6.7,1.7,0.071,19,reviewed,us,us
2019-07-14T22:38:05.800Z,35.5935,-117.3806667,6.53,3.41,ml,48,30,0.06682,0.14,ci,ci38569055,2019-07-14T23:00:39.150Z,"19km S of Trona, CA",earthquake,0.15,0.33,0.159,128,reviewed,ci,ci
2019-07-14T22:22:28.850Z,35.6106667,-117.4655,2.36,2.93,ml,31,66,0.1187,0.15,ci,ci38568991,2019-07-14T22:33:18.460Z,"18km SSW of Searles Valley, CA",earthquake,0.26,0.81,0.106,26,automatic,ci,ci
2019-07-14T22:17:41.922Z,69.1863,-144.4789,17.6,3,ml,,,,0.96,ak,ak0198yuzy0g,2019-07-14T22:22:28.903Z,"110km SSW of Kaktovik, Alaska",earthquake,,2.7,,,automatic,ak,ak
2019-07-14T22:01:45.930Z,35.6201667,-117.4328333,0.71,2.53,ml,28,69,0.1101,0.18,ci,ci38568903,2019-07-14T22:05:38.063Z,"17km S of Searles Valley, CA",earthquake,0.31,1.17,0.088,25,automatic,ci,ci
2019-07-14T20:40:15.710Z,36.1095009,-117.882164,0.52,3.23,ml,41,149,0.02353,0.16,ci,ci38568511,2019-07-16T18:41:44.742Z,"9km NE of Coso Junction, CA",earthquake,0.31,0.37,0.177,24,reviewed,ci,ci
2019-07-14T20:37:06.750Z,35.7654991,-117.5824966,6.33,3.03,ml,48,55,0.1544,0.17,ci,ci38568471,2019-07-17T14:17:14.569Z,"16km W of Searles Valley, CA",earthquake,0.18,0.78,0.189,20,reviewed,ci,ci
2019-07-14T19:51:29.743Z,13.0304,-87.7414,98.84,4.1,mb,,140,1.117,0.61,us,us70004k6d,2019-07-14T20:10:54.040Z,"30km SSW of Amapala, Honduras",earthquake,9.9,6.9,0.112,22,reviewed,us,us
2019-07-14T19:15:57.782Z,13.0103,50.5216,10,4.8,mb,,126,7.644,0.96,us,us70004k63,2019-07-14T19:31:45.040Z,"138km NNW of Bereeda, Somalia",earthquake,10.2,1.9,0.093,36,reviewed,us,us
2019-07-14T19:12:24.275Z,13.3039,50.449,10,5,mb,,142,7.632,0.91,us,us70004k5z,2019-07-14T19:30:06.040Z,"171km NNW of Bereeda, Somalia",earthquake,10.4,1.9,0.076,56,reviewed,us,us
2019-07-14T19:01:51.450Z,36.1651667,-117.8663333,1.27,2.51,ml,36,54,0.04839,0.15,ci,ci37421669,2019-07-15T20:07:25.200Z,"15km NNE of Coso Junction, CA",earthquake,0.18,0.29,0.132,37,reviewed,ci,ci
2019-07-14T18:34:45.810Z,36.6937,71.1932,235.37,4.2,mb,,77,0.914,0.72,us,us70004k5m,2019-07-14T20:38:24.040Z,"30km W of Ashkasham, Afghanistan",earthquake,6,6.6,0.2,7,reviewed,us,us
2019-07-14T17:44:44.800Z,47.856,-122.0241667,29.81,2.48,ml,42,60,,0.2,uw,uw61536062,2019-07-16T06:01:21.430Z,"3km W of Monroe, Washington",earthquake,0.33,0.48,0.165055896,23,reviewed,uw,uw
2019-07-14T16:51:13.710Z,36.1806667,-117.8786667,1.52,2.56,ml,21,59,0.06584,0.17,ci,ci38567391,2019-07-14T17:02:06.420Z,"16km SE of Olancha, CA",earthquake,0.34,0.73,0.205,25,automatic,ci,ci
2019-07-14T16:47:01.708Z,-2.1731,99.8434,32.48,4.9,mb,,133,2.755,0.5,us,us70004k4p,2019-07-14T17:05:42.040Z,"94km SE of Muara Siberut, Indonesia",earthquake,8.6,5.8,0.085,43,reviewed,us,us
2019-07-14T16:30:42.332Z,35.625,140.72,53.56,4.3,mb,,123,2.235,0.85,us,us70004k4l,2019-07-14T16:46:27.040Z,"11km SSE of Asahi, Japan",earthquake,6.6,10.1,0.178,9,reviewed,us,us
2019-07-14T16:21:42.553Z,5.971,-73.1779,175.72,4.4,mb,,73,0.122,0.97,us,us70004k4j,2019-07-14T16:43:25.040Z,"22km NW of Duitama, Colombia",earthquake,8.1,2.8,0.047,129,reviewed,us,us
2019-07-14T15:58:32.854Z,-18.193,120.3527,10,4.5,mb,,84,3.008,1.17,us,us70004k49,2019-07-14T16:24:03.040Z,"200km W of Broome, Australia",earthquake,3.8,1.9,0.205,7,reviewed,us,us
2019-07-14T15:56:39.702Z,-33.1328,-70.5533,92.02,4.2,mb,,36,0.102,0.5,us,us70004k48,2019-07-15T15:41:29.290Z,"33km S of Los Andes, Chile",earthquake,5.1,4.8,0.199,7,reviewed,us,us
2019-07-14T15:44:20.142Z,-0.4772,127.9714,10,5.1,mb,,72,1.38,1.05,us,us70004k44,2019-07-14T16:03:27.040Z,"102km NNE of Laiwui, Indonesia",earthquake,7.3,1.9,0.045,160,reviewed,us,us
2019-07-14T15:39:21.540Z,35.7733345,-117.5998306,1.7,2.49,ml,37,45,0.1387,0.14,ci,ci38566951,2019-07-14T18:40:29.704Z,"18km W of Searles Valley, CA",earthquake,0.2,0.49,0.209,25,automatic,ci,ci
2019-07-14T14:00:16.900Z,35.5880013,-117.387001,0.7,2.97,ml,61,48,0.06131,0.13,ci,ci38566311,2019-07-14T14:35:05.040Z,"20km S of Trona, CA",earthquake,0.15,0.42,0.243,24,reviewed,ci,ci
2019-07-14T13:56:10.244Z,-0.7826,128.3852,10,4.5,mb,,94,1.849,0.87,us,us70004k3c,2019-07-14T14:36:58.040Z,"101km NE of Laiwui, Indonesia",earthquake,7.9,1.9,0.118,21,reviewed,us,us
2019-07-14T13:44:13.542Z,-0.4747,127.9106,10,4.5,mb,,107,1.352,1.11,us,us70004k39,2019-07-14T14:08:11.040Z,"100km NNE of Laiwui, Indonesia",earthquake,6.3,1.9,0.122,20,reviewed,us,us
2019-07-14T13:23:17.039Z,42.795,143.5458,116.68,4.4,mb,,154,0.83,0.97,us,us70004k2y,2019-07-14T14:29:01.040Z,"31km ESE of Obihiro, Japan",earthquake,9.6,8.2,0.067,65,reviewed,us,us
2019-07-14T13:12:26.887Z,34.6518,25.4322,61.93,4.3,mb,,130,0.775,1.17,us,us70004k2r,2019-07-14T14:24:40.040Z,"46km SSW of Gra Liyia, Greece",earthquake,4.2,8.6,0.091,34,reviewed,us,us
2019-07-14T12:54:26.410Z,35.931,-117.6715,2.18,2.86,ml,27,50,0.12,0.16,ci,ci38565935,2019-07-14T14:12:14.350Z,"21km E of Little Lake, CA",earthquake,0.21,0.53,0.142,25,automatic,ci,ci
2019-07-14T12:35:35.092Z,-0.6741,127.5918,10,4.7,mb,,95,1.453,0.83,us,us70004k2f,2019-07-14T15:18:09.040Z,"75km N of Laiwui, Indonesia",earthquake,7.9,1.9,0.09,37,reviewed,us,us
2019-07-14T12:29:33.750Z,35.3354988,-117.9154968,5.8,2.99,ml,74,36,0.08867,0.21,ci,ci38565815,2019-07-17T05:49:20.040Z,"24km NNE of California City, CA",earthquake,0.18,0.86,0.311,22,reviewed,ci,ci
2019-07-14T12:27:03.560Z,35.6570015,-117.4876633,-0.28,2.99,ml,54,64,0.07334,0.16,ci,ci38565791,2019-07-16T18:42:22.979Z,"14km SSW of Searles Valley, CA",earthquake,0.17,0.48,0.182,22,reviewed,ci,ci
2019-07-14T12:22:58.084Z,-0.612,127.6196,10,4.7,mb,,87,1.397,0.62,us,us70004k28,2019-07-14T12:42:08.040Z,"81km N of Laiwui, Indonesia",earthquake,7.4,1.9,0.076,52,reviewed,us,us
2019-07-14T11:58:17.987Z,54.41,-35.1821,10,4.5,mb,,137,8.69,0.51,us,us70004k21,2019-07-14T12:14:25.040Z,Reykjanes Ridge,earthquake,10.2,1.9,0.084,42,reviewed,us,us
2019-07-14T11:52:26.793Z,-0.5041,127.9269,10,5,mb,,86,1.385,0.8,us,us70004k1y,2019-07-14T12:08:59.040Z,"98km NNE of Laiwui, Indonesia",earthquake,4.7,1.9,0.079,51,reviewed,us,us
2019-07-14T11:46:11.040Z,35.7828333,-117.624,4.92,2.77,ml,26,67,0.1174,0.18,ci,ci38565567,2019-07-14T14:03:22.077Z,"19km NNE of Ridgecrest, CA",earthquake,0.28,1.06,0.253,25,automatic,ci,ci
2019-07-14T11:31:04.316Z,36.5774,69.7679,172.53,4.1,mb,,91,1.642,0.84,us,us70004k1b,2019-07-14T12:00:32.040Z,"8km W of Farkhar, Afghanistan",earthquake,4,9.5,0.135,15,reviewed,us,us
2019-07-14T11:21:19.590Z,35.4035,-90.8236667,0.01,2.49,md,27,165,0.1261,0.38,nm,nm60281361,2019-07-17T05:36:06.040Z,"17km NNW of Wynne, Arkansas",earthquake,1,0.12,0.108,17,reviewed,nm,nm
2019-07-14T11:13:23.970Z,35.653,-117.4978333,8.19,2.55,ml,30,63,0.07243,0.15,ci,ci38565471,2019-07-14T11:24:36.260Z,"15km SSW of Searles Valley, CA",earthquake,0.26,0.77,0.136,25,automatic,ci,ci
2019-07-14T11:08:33.867Z,-0.4601,127.7995,10,4.8,mb,,88,1.297,0.75,us,us70004k1m,2019-07-14T11:52:17.040Z,"99km N of Laiwui, Indonesia",earthquake,7.3,1.9,0.071,61,reviewed,us,us
2019-07-14T11:00:08.640Z,36.1956673,-117.8951645,0.46,3.26,ml,52,52,0.08448,0.19,ci,ci38565431,2019-07-16T18:42:31.652Z,"14km SE of Olancha, CA",earthquake,0.19,0.41,0.215,23,reviewed,ci,ci
2019-07-14T10:59:18.669Z,40.2477,21.7468,10,4.5,mb,,71,0.601,0.97,us,us70004k0i,2019-07-14T11:18:15.040Z,"6km SSW of Kozani, Greece",earthquake,3.5,1.9,0.122,20,reviewed,us,us
2019-07-14T10:58:00.218Z,-18.4311,120.4547,10,4.5,mb,,96,2.798,0.7,us,us70004k0j,2019-07-14T11:16:04.040Z,"195km WSW of Broome, Australia",earthquake,9.7,1.9,0.164,11,reviewed,us,us
2019-07-14T10:57:57.792Z,-0.7336,127.7856,10,4.6,mb,,83,1.552,1.08,us,us70004k1s,2019-07-14T11:57:43.040Z,"69km N of Laiwui, Indonesia",earthquake,5.6,1.9,0.116,22,reviewed,us,us
2019-07-14T10:54:05.531Z,-0.533,127.8753,10,4.8,mb,,90,1.392,0.99,us,us70004k1j,2019-07-14T11:48:36.040Z,"93km NNE of Laiwui, Indonesia",earthquake,5.9,1.9,0.095,34,reviewed,us,us
2019-07-14T10:50:13.619Z,40.23,21.8502,10,4.9,mb,,43,0.656,1.03,us,us70004k08,2019-07-15T08:44:46.755Z,"1km ESE of Ano Komi, Greece",earthquake,5.1,1.9,0.039,202,reviewed,us,us
2019-07-14T10:44:25.370Z,-0.5878,127.8963,10,4.6,mb,,84,1.45,0.8,us,us70004k1f,2019-07-14T11:41:41.040Z,"88km NNE of Laiwui, Indonesia",earthquake,5.5,1.8,0.122,20,reviewed,us,us
2019-07-14T10:36:10.123Z,-0.5065,127.8281,10,4.4,mb,,61,1.351,0.96,us,us70004k19,2019-07-14T11:37:34.040Z,"95km N of Laiwui, Indonesia",earthquake,6.6,1.9,0.169,10,reviewed,us,us
2019-07-14T10:26:58.005Z,-0.4861,127.8168,10,5.7,mww,,45,1.328,0.99,us,us70004k03,2019-07-15T10:29:13.654Z,"97km N of Laiwui, Indonesia",earthquake,6.5,1.8,0.073,18,reviewed,us,us
2019-07-14T10:23:36.294Z,-0.7719,128.3488,10,4.5,mb,,91,1.82,1.24,us,us70004k14,2019-07-14T11:31:23.040Z,"99km NE of Laiwui, Indonesia",earthquake,3.6,1.9,0.088,38,reviewed,us,us
2019-07-14T10:13:49.042Z,-0.438,127.8483,10,4.7,mb,,86,1.294,1.32,us,us70004k10,2019-07-14T11:26:20.040Z,"102km N of Laiwui, Indonesia",earthquake,3.9,1.9,0.138,16,reviewed,us,us
2019-07-14T10:05:20.925Z,-0.5633,127.9479,10,5.3,mb,,89,1.447,0.68,us,us70004jzp,2019-07-14T10:21:43.040Z,"92km NNE of Laiwui, Indonesia",earthquake,7.5,1.9,0.073,63,reviewed,us,us
2019-07-14T10:04:59.033Z,-1.6156,135.6456,28.46,5.1,mb,,119,3.632,0.54,us,us70004jzw,2019-07-14T10:32:54.040Z,"192km ESE of Manokwari, Indonesia",earthquake,8.9,4.9,0.081,49,reviewed,us,us
2019-07-14T09:54:48.151Z,-0.8694,128.442,10,5,mb,,89,1.952,0.93,us,us70004jzk,2019-07-14T10:12:17.040Z,"101km ENE of Laiwui, Indonesia",earthquake,7.3,1.9,0.088,41,reviewed,us,us
2019-07-14T09:43:46.026Z,-0.782,127.7537,10,5.8,mww,,45,1.591,0.8,us,us70004jzf,2019-07-15T09:46:10.889Z,"63km N of Laiwui, Indonesia",earthquake,6.5,1.8,0.073,18,reviewed,us,us
2019-07-14T09:35:11.274Z,-0.7663,128.2072,10,4.5,mb,,88,1.743,0.9,us,us70004k07,2019-07-14T10:52:47.040Z,"88km NE of Laiwui, Indonesia",earthquake,5,1.9,0.145,14,reviewed,us,us
2019-07-14T09:29:36.560Z,-0.7638,128.2232,10,5.2,mb,,85,1.749,0.96,us,us70004jze,2019-07-14T09:50:42.040Z,"89km NE of Laiwui, Indonesia",earthquake,7.5,1.9,0.078,55,reviewed,us,us
2019-07-14T09:28:39.629Z,-0.7764,128.2642,10,5.2,mb,,92,1.78,0.87,us,us70004jz9,2019-07-14T09:43:08.040Z,"91km NE of Laiwui, Indonesia",earthquake,3.4,1.9,0.092,39,reviewed,us,us
2019-07-14T09:22:37.905Z,-0.6886,128.2196,10,4.9,mb,,91,1.682,0.96,us,us70004jzl,2019-07-14T10:07:19.040Z,"95km NE of Laiwui, Indonesia",earthquake,7.5,1.9,0.11,26,reviewed,us,us
2019-07-14T09:19:45.440Z,35.9733333,-117.4421667,1.01,2.55,ml,18,156,0.1708,0.35,ci,ci38565015,2019-07-14T09:23:36.455Z,"23km N of Searles Valley, CA",earthquake,1.24,2.02,0.28,25,automatic,ci,ci
2019-07-14T09:10:50.533Z,-0.529,128.0931,10,7.3,mww,,24,1.482,1.12,us,us70004jyv,2019-07-17T22:28:45.142Z,"102km NNE of Laiwui, Indonesia",earthquake,6.6,1.8,0.071,19,reviewed,us,us
2019-07-14T08:13:59.010Z,35.6808333,-117.5158333,8.85,2.66,ml,30,61,0.1038,0.16,ci,ci38564551,2019-07-14T08:53:19.456Z,"14km SW of Searles Valley, CA",earthquake,0.25,0.81,0.196,25,automatic,ci,ci
2019-07-14T07:46:23.460Z,35.9801667,-117.6751667,1.74,2.54,ml,22,63,0.1085,0.12,ci,ci38564423,2019-07-14T07:50:15.986Z,"21km ENE of Little Lake, CA",earthquake,0.21,0.45,0.156,25,automatic,ci,ci
2019-07-14T07:26:36.027Z,-18.0593,120.4412,10,4.9,mb,,42,3.155,0.76,us,us70004jy7,2019-07-14T13:35:25.603Z,"190km W of Broome, Australia",earthquake,6.3,1.9,0.1,31,reviewed,us,us
2019-07-14T07:12:19.443Z,59.7333,-152.036,61.4,3.2,ml,,,,0.52,ak,ak0198ym1bl7,2019-07-14T16:11:34.472Z,"12km WSW of Anchor Point, Alaska",earthquake,,0.3,,,reviewed,ak,ak
2019-07-14T07:07:52.810Z,35.9146667,-117.6708333,7.75,2.69,ml,26,52,0.1241,0.2,ci,ci38564247,2019-07-14T07:18:57.610Z,"21km E of Little Lake, CA",earthquake,0.3,1.28,0.142,25,automatic,ci,ci
2019-07-14T06:37:45.591Z,53.4366,160.7587,35,4.3,mb,,175,1.866,0.48,us,us70004jxw,2019-07-14T07:57:21.040Z,"147km ENE of Petropavlovsk-Kamchatskiy, Russia",earthquake,6.9,2,0.068,61,reviewed,us,us
2019-07-14T06:34:15.320Z,35.9118333,-117.6588333,1.43,2.61,ml,23,54,0.1343,0.14,ci,ci38564143,2019-07-14T07:01:23.338Z,"22km E of Little Lake, CA",earthquake,0.19,0.42,0.125,25,automatic,ci,ci
2019-07-14T06:06:39.330Z,35.8885002,-117.7235031,3.64,3.3,ml,52,38,0.08656,0.16,ci,ci38564031,2019-07-14T09:21:04.040Z,"17km ESE of Little Lake, CA",earthquake,0.17,0.56,0.223,19,reviewed,ci,ci
2019-07-14T06:03:17.300Z,35.9788322,-117.671669,1.79,3.48,ml,47,40,0.08889,0.18,ci,ci38564023,2019-07-15T06:04:47.708Z,"22km ENE of Little Lake, CA",earthquake,0.18,0.42,0.2,16,reviewed,ci,ci
2019-07-14T05:39:24.186Z,-18.202,120.3368,10,6.6,mww,,30,2.996,1.1,us,us70004jxe,2019-07-17T23:25:36.869Z,"202km W of Broome, Australia",earthquake,7.1,1.8,0.069,20,reviewed,us,us
2019-07-14T05:35:33.130Z,35.6223333,-117.4358333,2.84,2.71,ml,31,68,0.04171,0.15,ci,ci38563879,2019-07-14T06:01:52.982Z,"16km S of Searles Valley, CA",earthquake,0.25,0.48,0.185,25,automatic,ci,ci
2019-07-14T05:26:24.340Z,35.9758339,-117.6721649,2.01,3.08,ml,43,36,0.03301,0.16,ci,ci38563839,2019-07-16T18:42:37.676Z,"22km ENE of Little Lake, CA",earthquake,0.21,0.3,0.273,23,reviewed,ci,ci
2019-07-14T05:19:30.269Z,3.4548,93.1492,10,4.7,mb,,101,4.177,1.21,us,us70004jx9,2019-07-14T06:24:30.040Z,Off the west coast of northern Sumatra,earthquake,8.3,1.9,0.075,54,reviewed,us,us
2019-07-14T04:51:05.835Z,54.4531,164.3244,10,4.1,mb,,134,3.661,0.6,us,us70004jww,2019-07-14T05:15:24.040Z,"135km SW of Nikol'skoye, Russia",earthquake,9.7,2,0.078,45,reviewed,us,us
2019-07-14T03:48:50.470Z,35.5981667,-117.4306667,2.45,2.76,ml,29,68,0.02821,0.13,ci,ci38563263,2019-07-14T07:52:28.333Z,"19km S of Searles Valley, CA",earthquake,0.23,0.34,0.177,26,automatic,ci,ci
2019-07-14T03:40:35.850Z,35.8756667,-117.6945,5.51,2.45,ml,27,55,0.08049,0.22,ci,ci38563167,2019-07-14T03:51:18.800Z,"20km ESE of Little Lake, CA",earthquake,0.33,1.07,0.212,26,automatic,ci,ci
2019-07-14T03:26:46.190Z,19.68,-65.326,50,3,md,6,333,1.6244,0.27,pr,pr2019195002,2019-07-16T22:11:54.040Z,"142km NNE of Vieques, Puerto Rico",earthquake,3.89,19.73,0.44,4,reviewed,pr,pr
2019-07-14T03:05:59.060Z,36.87633333,-97.43266667,7.9,2.74,ml,78,102,0,0.17,ok,ok2019nqrs,2019-07-15T13:45:01.524Z,"15km WNW of Blackwell, Oklahoma",earthquake,,0.5,0.28,35,reviewed,ok,ok
2019-07-14T02:28:17.630Z,35.7913333,-117.6178333,2.68,2.69,ml,29,53,0.1208,0.16,ci,ci38562719,2019-07-14T06:52:35.131Z,"20km W of Searles Valley, CA",earthquake,0.22,1.05,0.151,25,automatic,ci,ci
2019-07-14T02:25:09.595Z,-29.6335,-68.3444,110.36,4.5,mb,,71,1.558,0.89,us,us70004jvj,2019-07-14T02:52:44.040Z,"77km NNE of San Jose de Jachal, Argentina",earthquake,7.7,8.3,0.055,99,reviewed,us,us
2019-07-14T02:23:10.732Z,56.0317,-149.8626,10,3.1,ml,,209,2.237,0.56,us,us70004jxv,2019-07-16T21:52:53.040Z,"249km SE of Kodiak, Alaska",earthquake,8,2,0.056,42,reviewed,us,us
2019-07-14T01:57:16.308Z,15.7122,-91.0195,10,4.8,mww,,55,0.608,1.37,us,us70004jvb,2019-07-15T05:15:34.953Z,"11km SE of San Luis Ixcan, Guatemala",earthquake,4.2,1.8,0.073,18,reviewed,us,us
2019-07-14T01:52:46.137Z,45.8811,-111.3693,5.96,4,mb,,54,0.337,0.65,us,us70004jv8,2019-07-17T16:30:42.513Z,"3km NW of Manhattan, Montana",earthquake,1.9,5.4,0.118,19,reviewed,us,us
2019-07-14T01:44:49.097Z,-23.6658,-179.9284,527.38,4.6,mb,,65,5.838,1.35,us,us70004jv6,2019-07-14T02:21:45.040Z,South of the Fiji Islands,earthquake,3.5,7.5,0.061,81,reviewed,us,us
2019-07-14T00:47:32.110Z,19.1395,-66.6356,11,2.89,md,15,275,0.6708,0.4,pr,pr2019195001,2019-07-14T06:29:18.604Z,"74km N of Arecibo, Puerto Rico",earthquake,2.65,3.97,0.37,14,reviewed,pr,pr
2019-07-14T00:43:06.150Z,36.1868333,-117.8911667,2.38,2.51,ml,21,77,0.0751,0.2,ci,ci38562239,2019-07-14T01:48:16.082Z,"15km SE of Olancha, CA",earthquake,0.39,0.73,0.168,24,automatic,ci,ci
2019-07-14T00:16:35.422Z,10.0642,125.7101,10,4.6,mb,,96,2.978,0.58,us,us70004ju6,2019-07-14T00:41:57.040Z,"16km NNE of Cagdianao, Philippines",earthquake,12.2,1.9,0.085,41,reviewed,us,us
2019-07-13T23:19:19.043Z,12.99,57.5277,10,4.5,mb,,80,15.486,0.81,us,us70004jts,2019-07-13T23:35:45.040Z,Owen Fracture Zone region,earthquake,11,1.8,0.092,35,reviewed,us,us
2019-07-13T23:11:51.160Z,35.5838333,-117.3505,2.08,2.8,ml,26,77,0.05986,0.18,ci,ci38561879,2019-07-13T23:23:07.420Z,"20km S of Trona, CA",earthquake,0.28,0.63,0.145,25,automatic,ci,ci
2019-07-13T23:03:35.910Z,35.934166,-117.6975021,1.48,3.22,ml,46,33,0.1024,0.22,ci,ci38561855,2019-07-16T18:42:51.308Z,"19km E of Little Lake, CA",earthquake,0.23,0.71,0.321,22,reviewed,ci,ci
2019-07-13T22:58:40.530Z,35.6861649,-117.5413361,5.36,3.48,ml,53,60,0.1185,0.16,ci,ci38561839,2019-07-16T18:44:20.977Z,"14km ENE of Ridgecrest, CA",earthquake,0.2,1.01,0.369,19,reviewed,ci,ci
2019-07-13T22:25:47.496Z,56.0693,-149.7334,8.5,2.8,ml,,,,0.66,ak,ak0198x7ib7b,2019-07-14T05:51:04.680Z,"251km SE of Kodiak, Alaska",earthquake,,7.5,,,reviewed,ak,ak
2019-07-13T22:21:52.357Z,69.1272,-144.6498,7.9,3.6,ml,,,,0.53,ak,ak0198x7hh8o,2019-07-14T15:18:41.040Z,"115km SSW of Kaktovik, Alaska",earthquake,,0.3,,,reviewed,ak,ak
2019-07-13T22:05:12.430Z,35.5235,-117.3805,7.86,3.08,ml,59,26,0.01311,0.15,ci,ci38561631,2019-07-18T20:59:34.220Z,"27km S of Trona, CA",earthquake,0.11,0.31,0.149,142,reviewed,ci,ci
2019-07-13T21:58:02.481Z,3.9172,128.3375,55.53,4.8,mb,,111,3.271,0.93,us,us70004jsu,2019-07-13T22:30:59.040Z,"244km N of Tobelo, Indonesia",earthquake,9.1,7.4,0.051,118,reviewed,us,us
2019-07-13T21:51:23.851Z,12.3926,144.6236,10,4.7,mb,,137,1.213,0.97,us,us70004jst,2019-07-13T22:09:47.040Z,"96km S of Merizo Village, Guam",earthquake,9.1,1.9,0.06,83,reviewed,us,us
2019-07-13T21:40:33.700Z,36.4845,71.1526,231.99,4.3,mb,,77,1.119,0.64,us,us70004jsg,2019-07-13T22:01:00.040Z,"40km WSW of Ashkasham, Afghanistan",earthquake,8,10.7,0.148,13,reviewed,us,us
2019-07-13T21:38:28.057Z,-24.9274,70.0179,10,4.9,mb,,63,20.889,0.84,us,us70004jsy,2019-07-13T22:20:19.040Z,Mid-Indian Ridge,earthquake,12.7,1.9,0.068,67,reviewed,us,us
2019-07-13T21:12:18.561Z,38.0559,-0.9199,10,3,mb_lg,,124,0.472,0.22,us,us70004l19,2019-07-15T22:54:29.558Z,"2km WSW of Bigastro, Spain",earthquake,5.8,2,0.193,7,reviewed,us,us
2019-07-13T20:41:00.260Z,35.6738333,-117.5598333,6.74,2.51,ml,28,66,0.118,0.13,ci,ci38561247,2019-07-14T04:13:33.260Z,"12km ENE of Ridgecrest, CA",earthquake,0.21,0.71,0.2,25,automatic,ci,ci
2019-07-13T19:51:35.119Z,36.87383333,-97.43216667,7.73,2.74,ml,89,101,0,0.25,ok,ok2019nqdk,2019-07-15T15:36:30.689Z,"15km WNW of Blackwell, Oklahoma",earthquake,,0.6,0.23,38,reviewed,ok,ok
2019-07-13T19:06:15.550Z,35.6915016,-117.5351639,6.33,3.27,ml,60,59,0.1205,0.19,ci,ci38560831,2019-07-13T22:27:16.270Z,"14km SW of Searles Valley, CA",earthquake,0.17,0.72,0.206,18,automatic,ci,ci
2019-07-13T18:25:08.470Z,35.7125,-117.5945,4.91,2.71,ml,26,61,0.1286,0.18,ci,ci38560639,2019-07-13T19:35:19.880Z,"13km NE of Ridgecrest, CA",earthquake,0.3,0.95,0.184,25,automatic,ci,ci
2019-07-13T18:24:47.790Z,36.1065,-117.8381667,1.78,2.49,ml,23,72,0.01746,0.2,ci,ci38560631,2019-07-13T18:35:23.210Z,"12km NE of Coso Junction, CA",earthquake,0.28,0.35,0.181,25,automatic,ci,ci
2019-07-13T18:14:34.480Z,36.2051667,-117.8786667,-0.09,2.79,ml,18,72,0.0895,0.23,ci,ci38560551,2019-07-13T18:18:46.503Z,"14km SE of Olancha, CA",earthquake,0.51,31.61,0.139,26,automatic,ci,ci
2019-07-13T17:56:46.348Z,47.1923,-76.3495,14.89,3.7,mb_lg,,109,1.378,0.61,us,us70004jmv,2019-07-16T14:53:15.040Z,"87km NW of Ferme-Neuve, Canada",earthquake,3.7,6.3,0.054,91,reviewed,us,us
2019-07-13T17:36:51.718Z,18.567,119.4038,10,4.6,mb,,90,4.51,0.83,us,us70004jmp,2019-07-16T14:46:49.040Z,"124km W of Davila, Philippines",earthquake,8.9,1.9,0.088,38,reviewed,us,us
2019-07-13T16:43:59.810Z,18.8935,-68.6228,53,2.58,md,6,159,0.6905,0.08,pr,pr2019194004,2019-07-13T20:47:31.407Z,"27km N of Otra Banda, Dominican Republic",earthquake,0.95,0.98,0.17,3,reviewed,pr,pr
2019-07-13T16:09:40.423Z,54.2424,-35.0923,10,4.4,mb,,84,8.859,0.71,us,us70004jlq,2019-07-13T16:46:01.040Z,Reykjanes Ridge,earthquake,6.4,1.8,0.169,10,reviewed,us,us
2019-07-13T16:05:48.760Z,32.1568333,-117.3845,18.91,2.61,ml,16,292,0.4497,0.18,ci,ci38559791,2019-07-16T05:55:22.766Z,"38km WSW of Rosarito, B.C., MX",earthquake,0.73,1.15,0.111,18,reviewed,ci,ci
2019-07-13T15:51:11.451Z,55.9455,-150.8574,10,3,ml,,249,1.856,0.75,us,us70004jmx,2019-07-13T18:44:58.040Z,"226km SSE of Kodiak, Alaska",earthquake,10.3,2,0.052,48,reviewed,us,us
2019-07-13T15:35:32.200Z,35.5975,-117.4318333,7.42,2.83,ml,36,42,0.02707,0.15,ci,ci38559615,2019-07-13T15:46:01.460Z,"19km S of Searles Valley, CA",earthquake,0.23,0.44,0.165,25,automatic,ci,ci
2019-07-13T15:08:59.142Z,24.9702,94.7971,63.56,4.3,mb,,72,0.865,1.1,us,us70004jl6,2019-07-13T22:21:16.984Z,"81km ENE of Yairipok, India",earthquake,9.3,10.4,0.161,11,reviewed,us,us
2019-07-13T15:08:41.735Z,38.9477,21.2368,10,4.7,mb,,100,1.353,0.9,us,us70004jl5,2019-07-14T11:06:28.269Z,"4km E of Krikellos, Greece",earthquake,4.3,1.9,0.078,50,reviewed,us,us
2019-07-13T14:54:31.350Z,35.8885002,-117.625,15.04,3.1,ml,11,119,0.1388,0.27,ci,ci38559367,2019-07-13T16:11:06.420Z,"24km NW of Searles Valley, CA",earthquake,0.97,2.42,0.429,23,automatic,ci,ci
2019-07-13T14:34:41.490Z,35.9171677,-117.6763306,1.03,3.09,ml,48,36,0.1191,0.21,ci,ci38559263,2019-07-13T18:59:18.001Z,"21km E of Little Lake, CA",earthquake,0.18,0.46,0.225,23,reviewed,ci,ci
2019-07-13T14:21:54.350Z,35.6616669,-117.4738312,2.14,2.53,ml,46,65,0.0756,0.14,ci,ci38559191,2019-07-13T15:35:08.968Z,"13km SSW of Searles Valley, CA",earthquake,0.18,0.51,0.141,24,automatic,ci,ci
2019-07-13T14:06:10.630Z,18.3528,-68.7973,110,3.5,ml,23,183,1.0152,0.88,pr,pr2019194002,2019-07-13T18:47:41.040Z,"11km WNW of San Rafael del Yuma, Dominican Republic",earthquake,3.11,2.57,0.45,22,reviewed,pr,pr
2019-07-13T12:44:25.640Z,35.9418335,-117.69133,2.79,3.04,ml,36,91,0.1028,0.26,ci,ci38558607,2019-07-17T23:18:47.871Z,"19km E of Little Lake, CA",earthquake,0.41,1.65,0.232,24,automatic,ci,ci
2019-07-13T12:05:09.000Z,1.0683,-90.7935,10,4.8,mb,,165,1.803,0.71,us,us70004jjy,2019-07-13T12:23:07.040Z,"205km NNW of Puerto Ayora, Ecuador",earthquake,9.6,1.8,0.033,278,reviewed,us,us
2019-07-13T11:45:21.030Z,35.6315002,-117.4308319,4,3.05,ml,52,25,0.05167,0.18,ci,ci38558295,2019-07-13T16:12:11.338Z,"15km S of Searles Valley, CA",earthquake,0.21,0.69,0.215,24,automatic,ci,ci
2019-07-13T11:42:27.400Z,36.0881653,-117.8253326,1.16,2.55,ml,44,42,0.03786,0.18,ci,ci38558271,2019-07-13T11:53:43.260Z,"12km ENE of Coso Junction, CA",earthquake,0.24,0.34,0.246,25,automatic,ci,ci
2019-07-13T11:22:38.660Z,35.864,-117.6891667,7.71,2.9,ml,34,46,0.08274,0.17,ci,ci38558175,2019-07-13T11:33:28.020Z,"21km ESE of Little Lake, CA",earthquake,0.21,0.71,0.239,26,automatic,ci,ci
2019-07-13T11:15:22.620Z,35.8705,-117.6813333,2.54,2.9,ml,36,47,0.08122,0.23,ci,ci38558135,2019-07-13T15:15:02.623Z,"22km ESE of Little Lake, CA",earthquake,0.26,0.53,0.152,25,automatic,ci,ci
2019-07-13T10:26:13.010Z,35.5983333,-117.4055,9.41,2.8,ml,24,77,0.06827,0.19,ci,ci38557903,2019-07-13T10:30:08.137Z,"19km S of Trona, CA",earthquake,0.3,0.57,0.126,2,automatic,ci,ci
2019-07-13T10:25:19.030Z,35.9441667,-117.3755,2.9,3.83,mw,65,26,0.09175,0.15,ci,ci38557895,2019-07-17T00:06:32.005Z,"20km N of Searles Valley, CA",earthquake,0.12,0.29,,6,reviewed,ci,ci
2019-07-13T09:56:35.825Z,37.1324,5.7752,10,5,mww,,43,3.002,0.92,us,us70004jiv,2019-07-14T09:08:29.928Z,"34km N of Jijel, Algeria",earthquake,6.5,1.8,0.073,18,reviewed,us,us
2019-07-13T08:19:31.070Z,35.8605,-117.6885,8.88,2.63,ml,34,46,0.08086,0.15,ci,ci38556887,2019-07-13T09:31:13.100Z,"21km ESE of Little Lake, CA",earthquake,0.18,0.57,0.185,24,automatic,ci,ci
2019-07-13T07:59:35.218Z,-49.597,-116.5658,10,5.6,mww,,102,29.939,0.97,us,us70004ji2,2019-07-15T17:03:50.040Z,Southern East Pacific Rise,earthquake,14.1,1.9,0.063,24,reviewed,us,us
2019-07-13T07:40:04.100Z,35.6536667,-117.5441667,6.87,2.55,ml,38,39,0.03753,0.19,ci,ci38556607,2019-07-13T07:50:33.250Z,"12km ENE of Ridgecrest, CA",earthquake,0.22,0.56,0.179,25,automatic,ci,ci
2019-07-13T07:10:30.580Z,35.8673333,-117.6858333,7.35,2.54,ml,32,45,0.08539,0.16,ci,ci38556391,2019-07-17T18:57:12.301Z,"21km ESE of Little Lake, CA",earthquake,0.21,0.78,0.188,26,automatic,ci,ci
2019-07-13T06:47:02.168Z,55.8647,-149.3487,10,3.1,ml,,217,2.571,0.87,us,us70004jm6,2019-07-14T08:13:09.040Z,"284km SE of Kodiak, Alaska",earthquake,8.1,2,0.048,56,reviewed,us,us
2019-07-13T06:24:44.730Z,35.7856667,-117.5736667,10.97,2.92,ml,35,51,0.1514,0.19,ci,ci38556047,2019-07-13T06:35:41.980Z,"15km W of Searles Valley, CA",earthquake,0.25,0.57,0.119,26,automatic,ci,ci
2019-07-13T06:16:43.282Z,-17.904,-178.5038,601.16,4.3,mb,,73,3.284,0.66,us,us70004jh4,2019-07-13T07:27:01.040Z,"278km SE of Lambasa, Fiji",earthquake,8.5,8.8,0.048,123,reviewed,us,us
2019-07-13T06:12:17.400Z,35.6658325,-117.481163,5.86,2.96,ml,50,65,0.08065,0.17,ci,ci38555951,2019-07-13T15:25:06.324Z,"13km SSW of Searles Valley, CA",earthquake,0.19,0.95,0.274,19,automatic,ci,ci
2019-07-13T04:03:09.650Z,35.6923333,-117.5331667,8.93,2.7,ml,36,57,0.076,0.18,ci,ci38555079,2019-07-13T18:05:11.254Z,"14km SW of Searles Valley, CA",earthquake,0.23,0.62,0.169,26,automatic,ci,ci
2019-07-13T03:39:41.220Z,35.9308333,-117.7086667,2.58,2.46,ml,32,47,0.05027,0.21,ci,ci38554943,2019-07-13T03:50:41.200Z,"18km E of Little Lake, CA",earthquake,0.22,0.41,0.211,25,automatic,ci,ci
2019-07-13T03:17:26.384Z,59.7947,-153.0969,98.7,3.2,ml,,,,0.38,ak,ak0198ww5br9,2019-07-13T16:46:51.062Z,"70km W of Anchor Point, Alaska",earthquake,,0.3,,,reviewed,ak,ak
2019-07-13T02:47:44.270Z,35.6636667,-117.5378333,9.04,2.8,ml,36,38,0.04873,0.15,ci,ci38554623,2019-07-13T16:01:06.735Z,"13km ENE of Ridgecrest, CA",earthquake,0.2,0.49,0.104,25,automatic,ci,ci
2019-07-13T02:39:02.442Z,10.0805,-73.095,128.96,4.6,mb,,85,1.546,0.96,us,us70004jg6,2019-07-13T19:46:15.878Z,"16km ENE of Agustin Codazzi, Colombia",earthquake,6.9,7.2,0.033,283,reviewed,us,us
2019-07-13T02:16:15.922Z,36.5305,70.8692,181.06,4.5,mb,,45,1.181,1.05,us,us70004jg3,2019-07-13T02:35:41.040Z,"37km S of Jarm, Afghanistan",earthquake,6.8,6.4,0.041,180,reviewed,us,us
2019-07-13T02:06:22.720Z,35.724,-117.563,9.81,2.52,ml,35,61,0.1019,0.16,ci,ci38554295,2019-07-13T02:17:09.880Z,"15km WSW of Searles Valley, CA",earthquake,0.21,0.59,0.137,26,automatic,ci,ci
2019-07-13T01:40:23.274Z,13.5806,-91.0121,52.04,4.5,mb,,173,1.148,1.26,us,us70004jfh,2019-07-13T03:37:23.040Z,"43km SSW of Puerto San Jose, Guatemala",earthquake,8.3,9.6,0.036,229,reviewed,us,us
2019-07-13T01:36:11.672Z,13.7157,-90.911,58.96,4.5,mb,,122,1.106,1.09,us,us70004jfe,2019-07-13T03:23:59.040Z,"25km SSW of Puerto San Jose, Guatemala",earthquake,9.1,7.5,0.033,277,reviewed,us,us
2019-07-13T01:16:52.500Z,35.7508316,-117.5683365,4.47,3.19,ml,58,56,0.1593,0.16,ci,ci38553919,2019-07-13T09:49:34.104Z,"15km W of Searles Valley, CA",earthquake,0.16,0.57,0.252,18,automatic,ci,ci
2019-07-13T01:10:11.730Z,35.916,-117.7118333,9.31,2.6,ml,30,50,0.05917,0.18,ci,ci38553895,2019-07-13T01:20:58.450Z,"18km E of Little Lake, CA",earthquake,0.24,0.62,0.216,26,automatic,ci,ci
2019-07-13T01:02:23.290Z,-30.828,-71.5092,46.97,4.5,mb,,142,0.188,1.16,us,us70004jeb,2019-07-13T01:38:05.664Z,"39km SW of Ovalle, Chile",earthquake,7.1,3.5,0.22,7,reviewed,us,us
2019-07-13T00:57:44.339Z,29.3533,128.1534,251,6.1,mww,,11,2.51,1.19,us,us70004jea,2019-07-16T15:21:32.428Z,"169km NW of Naze, Japan",earthquake,6.3,1.8,0.033,86,reviewed,us,us
2019-07-13T00:36:16.300Z,35.749,-117.5758333,1.04,2.5,ml,34,54,0.1268,0.31,ci,ci38553671,2019-07-17T18:07:54.753Z,"16km W of Searles Valley, CA",earthquake,0.32,0.67,0.128,25,automatic,ci,ci
2019-07-13T00:24:41.410Z,41.7448333,-125.598,22.44,2.92,md,35,253,1.125,0.29,nc,nc73221346,2019-07-17T00:52:41.104Z,"114km WSW of Brookings, OR",earthquake,2.13,12.08,0.118,24,reviewed,nc,nc
2019-07-12T23:57:11.936Z,62.2269,-151.1311,78.4,2.5,ml,,,,0.47,ak,ak0198vkr6xs,2019-07-13T00:33:08.040Z,"54km W of Talkeetna, Alaska",earthquake,,0.7,,,automatic,ak,ak
2019-07-12T23:33:09.500Z,35.6328333,-117.5476667,5.95,2.51,ml,36,32,0.02052,0.15,ci,ci38553303,2019-07-12T23:44:23.110Z,"12km E of Ridgecrest, CA",earthquake,0.18,0.43,0.177,26,automatic,ci,ci
2019-07-12T23:23:38.870Z,35.6851654,-117.5238342,6.57,3.05,ml,53,60,0.1105,0.15,ci,ci38553255,2019-07-13T19:15:58.595Z,"14km SW of Searles Valley, CA",earthquake,0.17,0.66,0.153,18,reviewed,ci,ci
2019-07-12T23:15:45.080Z,-6.6133,146.9973,35,4.4,mb,,105,8.209,0.94,us,us70004jdd,2019-07-12T23:59:04.040Z,"12km N of Lae, Papua New Guinea",earthquake,9.3,2,0.126,18,reviewed,us,us
2019-07-12T20:47:32.130Z,36.0995,-117.8193333,1.49,2.65,ml,30,59,0.03396,0.17,ci,ci38552295,2019-07-12T20:58:27.520Z,"13km ENE of Coso Junction, CA",earthquake,0.26,0.34,0.157,25,automatic,ci,ci
2019-07-12T20:42:55.279Z,9.3336,126.0395,14.15,5.8,mww,,41,2.295,1.05,us,us70004j9u,2019-07-15T23:56:14.738Z,"6km E of Cantilan, Philippines",earthquake,7.1,1.4,0.066,22,reviewed,us,us
2019-07-12T20:33:26.030Z,35.8211667,-117.6471667,0.44,2.53,ml,34,48,0.0965,0.22,ci,ci38552239,2019-07-12T20:44:16.340Z,"22km N of Ridgecrest, CA",earthquake,0.23,0.52,0.128,25,automatic,ci,ci
2019-07-12T20:24:42.920Z,35.6736667,-117.5476667,8.33,2.48,ml,35,53,0.05439,0.15,ci,ci38552207,2019-07-12T20:35:04.280Z,"13km ENE of Ridgecrest, CA",earthquake,0.21,0.59,0.136,25,automatic,ci,ci
2019-07-12T19:57:59.740Z,35.9571667,-117.7516667,0.68,2.85,ml,32,67,0.05282,0.22,ci,ci38552039,2019-07-12T21:00:37.304Z,"14km E of Little Lake, CA",earthquake,0.26,0.5,0.169,26,automatic,ci,ci
2019-07-12T19:25:16.486Z,53.5048,170.679,27.96,4.2,mb,,150,2.204,0.85,us,us70004j7n,2019-07-13T16:43:24.040Z,"182km WNW of Attu Station, Alaska",earthquake,7.4,6.3,0.049,117,reviewed,us,us
2019-07-12T19:15:30.530Z,35.927,-117.7063333,2.37,2.81,ml,36,38,0.04997,0.16,ci,ci38551727,2019-07-12T20:52:33.780Z,"18km E of Little Lake, CA",earthquake,0.16,0.32,0.171,25,automatic,ci,ci
2019-07-12T19:08:50.160Z,36.5684,71.0962,240.99,4.2,mb,,129,1.06,0.95,us,us70004j79,2019-07-13T16:11:20.155Z,"40km SE of Jarm, Afghanistan",earthquake,8.8,7.6,0.216,6,reviewed,us,us
2019-07-12T18:02:01.930Z,35.576,-117.3506667,2.34,2.59,ml,38,46,0.05218,0.2,ci,ci38551111,2019-07-12T18:12:25.320Z,"21km S of Trona, CA",earthquake,0.23,0.36,0.135,25,automatic,ci,ci
2019-07-12T17:21:24.240Z,21.4958333,-157.1495,13.02,3.42,ml,10,207,,0.13,hv,hv71043952,2019-07-15T10:51:54.760Z,"39km NNW of Kualapu'u, Hawaii",earthquake,0.84,0.9,0.172,26,reviewed,hv,hv
2019-07-12T17:01:55.957Z,-8.9543,117.8115,47.38,5.2,mww,,32,3.649,1.06,us,us70004j4g,2019-07-16T14:14:22.331Z,"17km SSE of Pisangkemeng, Indonesia",earthquake,5.8,3.7,0.075,17,reviewed,us,us
2019-07-12T17:01:10.561Z,54.8172,-158.4303,25.32,4.2,mb,,157,0.67,0.76,us,us70004j4e,2019-07-13T14:55:02.040Z,"72km E of Chernabura Island, Alaska",earthquake,5,7.6,0.101,27,reviewed,us,us
2019-07-12T16:42:41.690Z,35.7171667,-117.5603333,5.4,2.69,ml,39,48,0.09519,0.17,ci,ci38550319,2019-07-12T20:13:01.217Z,"15km NE of Ridgecrest, CA",earthquake,0.22,1.26,0.144,25,automatic,ci,ci
2019-07-12T16:22:54.510Z,35.6428333,-117.4538333,9.64,2.52,ml,35,56,0.03313,0.19,ci,ci38550143,2019-07-12T20:12:37.712Z,"15km SSW of Searles Valley, CA",earthquake,0.25,0.53,0.175,25,automatic,ci,ci
2019-07-12T16:17:22.900Z,35.5278333,-117.4856667,8.11,2.77,ml,38,30,0.06159,0.19,ci,ci38550119,2019-07-12T16:27:49.960Z,"20km ESE of Ridgecrest, CA",earthquake,0.24,0.71,0.159,25,automatic,ci,ci
2019-07-12T15:54:07.463Z,68.997,-144.7464,0.7,2.6,ml,,,,1.14,ak,ak0198vfz2h4,2019-07-12T16:11:31.410Z,"102km NNE of Arctic Village, Alaska",earthquake,,0.5,,,automatic,ak,ak
2019-07-12T15:38:26.690Z,35.6335,-117.596,10.33,2.46,ml,33,44,0.1187,0.18,ci,ci38549791,2019-07-12T20:36:24.392Z,"7km E of Ridgecrest, CA",earthquake,0.22,0.55,0.121,25,automatic,ci,ci
2019-07-12T15:19:12.221Z,56.4052,-149.3758,18.1,2.6,ml,,,,0.79,ak,ak0198vfrlom,2019-07-12T16:47:02.340Z,"239km SE of Kodiak, Alaska",earthquake,,11,,,reviewed,ak,ak
2019-07-12T14:12:28.034Z,66.1507,-164.1444,0,2.5,ml,,,,0.91,ak,ak0198vf4oic,2019-07-16T06:42:01.040Z,"87km E of Shishmaref, Alaska",earthquake,,0.3,,,automatic,ak,ak
2019-07-12T13:31:15.070Z,-2.4543,23.0398,32.68,4.6,mb,,135,7.912,0.65,us,us70004izt,2019-07-15T11:01:52.040Z,"121km NNW of Lodja, Democratic Republic of the Congo",earthquake,13.3,6.3,0.085,41,reviewed,us,us
2019-07-12T13:17:01.540Z,20.7167,-154.7718,19.69,3.1,ml,,266,,0.76,us,us70004jad,2019-07-15T09:19:25.068Z,"101km NE of Honoka'a, Hawaii",earthquake,5.7,8.6,0.118,40,reviewed,hv,hv
2019-07-12T13:14:16.770Z,35.7449989,-117.4134979,10.23,2.53,ml,10,184,0.08014,0.2,ci,ci38548327,2019-07-12T18:30:43.510Z,"3km SSW of Searles Valley, CA",earthquake,1.37,2.33,0.507,6,automatic,ci,ci
2019-07-12T13:13:34.080Z,35.6241667,-117.5963333,8.15,2.83,ml,10,104,0.02228,0.12,ci,ci38548319,2019-07-12T14:49:31.966Z,"7km E of Ridgecrest, CA",earthquake,0.51,1.08,0.167,4,reviewed,ci,ci
2019-07-12T13:13:19.230Z,35.635334,-117.5833359,11.25,3.14,ml,18,70,0.01761,0.13,ci,ci38548311,2019-07-15T06:32:39.040Z,"8km E of Ridgecrest, CA",earthquake,0.5,0.8,0.257,9,reviewed,ci,ci
2019-07-12T13:11:37.980Z,35.6383333,-117.5853333,9.95,4.9,mw,73,23,0.02095,0.16,ci,ci38548295,2019-07-18T17:18:00.793Z,"8km ENE of Ridgecrest, CA",earthquake,0.11,0.27,,6,reviewed,ci,ci
2019-07-12T13:00:15.500Z,35.9413333,-117.6988333,2.56,2.54,ml,17,61,0.07903,0.1,ci,ci38548143,2019-07-12T17:30:18.772Z,"19km E of Little Lake, CA",earthquake,0.17,0.24,0.176,28,reviewed,ci,ci
2019-07-12T12:24:33.810Z,36.1986667,-117.8821667,2.28,2.53,ml,28,56,0.08388,0.21,ci,ci38547759,2019-07-12T12:35:10.950Z,"14km SE of Olancha, CA",earthquake,0.37,0.81,0.139,24,automatic,ci,ci
2019-07-12T11:35:57.818Z,-15.6105,-173.9248,132.89,4.9,mb,,76,4.257,1.09,us,us70004ix5,2019-07-12T11:55:25.040Z,"41km NNW of Hihifo, Tonga",earthquake,9,6.8,0.027,429,reviewed,us,us
2019-07-12T11:22:43.144Z,-54.6965,-27.8085,10,5.1,mb,,79,5.077,1.03,us,us70004ix2,2019-07-12T11:42:07.040Z,"226km N of Visokoi Island, South Georgia and the South Sandwich Islands",earthquake,4.5,1.9,0.067,72,reviewed,us,us
2019-07-12T11:02:09.000Z,35.705,-117.5473333,3.68,2.88,ml,38,47,0.08466,0.15,ci,ci38546663,2019-07-12T11:12:37.900Z,"15km WSW of Searles Valley, CA",earthquake,0.18,0.72,0.125,25,automatic,ci,ci
2019-07-12T10:46:07.930Z,46.8295,-119.7348333,3.18,2.51,ml,31,61,,0.1,uw,uw61535407,2019-07-16T12:35:59.040Z,"11km SW of Royal City, Washington",earthquake,0.23,0.41,0.146558166,16,reviewed,uw,uw
2019-07-12T10:02:53.100Z,18.8515,-64.557,57,3.13,md,6,343,1.4738,0.31,pr,pr2019193004,2019-07-12T12:38:55.040Z,"61km N of Road Town, British Virgin Islands",earthquake,5.93,17.81,0.39,6,reviewed,pr,pr
2019-07-12T09:53:58.820Z,47.8645,-122.029,31.01,3.45,ml,43,55,,0.22,uw,uw61535367,2019-07-18T12:59:01.432Z,"4km W of Monroe, Washington",earthquake,0.33,0.55,0.15452034,25,reviewed,uw,uw
2019-07-12T09:51:38.340Z,47.87283333,-122.0163333,28.82,4.58,ml,75,37,,0.44,uw,uw61535372,2019-07-18T22:10:07.320Z,"0km SSW of Three Lakes, Washington",earthquake,0.53,0.88,0.175257669,49,reviewed,uw,uw
2019-07-12T09:27:57.000Z,35.6638333,-117.4671667,10.8,2.74,ml,36,30,0.03543,0.17,ci,ci38545455,2019-07-12T09:38:27.270Z,"13km SSW of Searles Valley, CA",earthquake,0.24,0.43,0.164,25,automatic,ci,ci
2019-07-12T09:25:03.034Z,-30.7569,-71.4896,50.64,4.6,mb,,43,0.15,0.72,us,us70004iw6,2019-07-12T20:59:50.241Z,"32km WSW of Ovalle, Chile",earthquake,4.7,4.5,0.071,59,reviewed,us,us
2019-07-12T08:22:49.179Z,-21.5882,-68.5005,131.43,4.4,mb,,45,0.719,0.65,us,us70004iv9,2019-07-12T08:58:02.040Z,"107km NNE of Calama, Chile",earthquake,6,9,0.17,10,reviewed,us,us
2019-07-12T08:00:31.129Z,51.4595,179.5002,98.06,3.7,mb,,158,0.15,0.63,us,us70004ius,2019-07-12T19:23:27.612Z,"55km S of Semisopochnoi Island, Alaska",earthquake,14.7,13,0.108,22,reviewed,us,us
2019-07-12T07:56:25.670Z,35.7101667,-117.5276667,10.44,2.81,ml,21,68,0.09419,0.15,ci,ci38544319,2019-07-12T08:00:28.941Z,"13km WSW of Searles Valley, CA",earthquake,0.22,0.63,0.077,26,automatic,ci,ci
2019-07-12T07:56:02.990Z,35.547,-117.3771667,4.07,3.06,ml,35,57,0.0243,0.18,ci,ci38544311,2019-07-13T03:13:10.576Z,"24km S of Trona, CA",earthquake,0.25,0.52,0.133,26,automatic,ci,ci
2019-07-12T07:55:00.270Z,36.2005,-117.8931667,2.17,2.7,ml,25,62,0.08837,0.19,ci,ci38544303,2019-07-12T08:05:45.780Z,"14km SE of Olancha, CA",earthquake,0.34,0.81,0.162,25,automatic,ci,ci
2019-07-12T07:37:18.570Z,35.6676667,-117.5225,0.45,2.46,ml,32,37,0.05928,0.2,ci,ci38544135,2019-07-12T16:25:07.733Z,"15km ENE of Ridgecrest, CA",earthquake,0.27,31.61,0.165,25,automatic,ci,ci
2019-07-12T07:30:34.909Z,-34.2653,179.4817,10,5,mb,,90,3.425,0.62,us,us70004iu9,2019-07-12T07:50:43.040Z,South of the Kermadec Islands,earthquake,6.3,1.9,0.1,32,reviewed,us,us
2019-07-12T07:24:37.836Z,-20.7767,-70.5132,27.53,4.4,mwr,,145,0.34,0.76,us,us70004itm,2019-07-12T19:43:53.680Z,"72km SSW of Iquique, Chile",earthquake,5.5,5.1,0.055,32,reviewed,us,us
2019-07-12T07:17:41.554Z,-34.2684,179.5179,10,4.9,mb,,102,3.43,0.64,us,us70004iti,2019-07-12T07:36:38.040Z,South of the Kermadec Islands,earthquake,10.1,1.9,0.096,34,reviewed,us,us
2019-07-12T06:49:05.420Z,35.618,-117.419,7,2.76,ml,33,52,0.04717,0.18,ci,ci38543543,2019-07-12T19:43:32.733Z,"17km SSW of Trona, CA",earthquake,0.26,0.51,0.161,25,automatic,ci,ci
2019-07-12T06:11:35.490Z,19.3238,-68.1471,80,2.75,md,8,231,1.5634,0.37,pr,pr2019193001,2019-07-12T07:41:38.040Z,"76km NNE of Punta Cana, Dominican Republic",earthquake,5.96,6.83,0.28,7,reviewed,pr,pr
2019-07-12T05:59:00.460Z,36.0768333,-117.8458333,1.22,2.53,ml,30,53,0.04131,0.17,ci,ci38542959,2019-07-12T06:10:12.800Z,"10km ENE of Coso Junction, CA",earthquake,0.27,0.42,0.149,25,automatic,ci,ci
2019-07-12T05:17:06.810Z,18.8408,-64.3636,33,3.49,md,15,340,1.6414,0.35,pr,pr2019193000,2019-07-12T08:03:09.040Z,"30km NE of Road Town, British Virgin Islands",earthquake,3.37,22.96,0.29,15,reviewed,pr,pr
2019-07-12T05:01:30.908Z,63.0745,-150.8566,114.8,2.8,ml,,,,0.54,ak,ak0198v9pfdu,2019-07-12T07:57:14.040Z,"91km NNW of Talkeetna, Alaska",earthquake,,0.3,,,automatic,ak,ak
2019-07-12T04:46:24.160Z,35.9448333,-117.3755,1.19,2.66,ml,31,50,0.09214,0.18,ci,ci38542039,2019-07-12T04:56:55.180Z,"20km N of Searles Valley, CA",earthquake,0.26,0.58,0.131,26,automatic,ci,ci